ticket_id,description,category,resolution
1654,Ipsum tempor do aliquip nisi irure sit aliqua.,General Inquiry,Thank you for reaching out; a support representative will respond within one business day.
1030,Do ad ipsum sed ullamco veniam do nostrud.,Account access,Please reset your password using the link we just sent to your registered email.
1828,Lorem commodo ut labore adipiscing reprehenderit labore sit amet duis nostrud commodo aliquip veniam.,Billing,Our technical team will run a diagnostic on your connection within 24 hours.
1996,Sit incididunt ullamco irure et sed dolor laboris ea voluptate duis.,Technical issue,We have flagged this charge for review and will issue a refund within 3-5 business days if applicable.
1887,Dolore ut consequat adipiscing et laboris ut nisi.,Technical issue,We have flagged this charge for review and will issue a refund within 3-5 business days if applicable.
1073,Ullamco minim eiusmod ut tempor dolor nisi do ut ea dolor consequat.,Technical issue,We have flagged this charge for review and will issue a refund within 3-5 business days if applicable.
1824,Magna dolor dolor quis ut do ad irure ullamco adipiscing.,Technical issue,We have flagged this charge for review and will issue a refund within 3-5 business days if applicable.
1142,Ex veniam ex aliqua nostrud et voluptate consectetur ad.,Billing,Our technical team will run a diagnostic on your connection within 24 hours.
1773,Aute adipiscing adipiscing nisi nostrud dolore nostrud enim.,Technical issue,We have flagged this charge for review and will issue a refund within 3-5 business days if applicable.
1257,Aute lorem ut nisi veniam tempor ullamco amet aliqua ut reprehenderit aute.,Account access,Please reset your password using the link we just sent to your registered email.
1269,Ex ad amet exercitation duis ad sed dolore adipiscing reprehenderit dolor dolor.,Technical issue,We have flagged this charge for review and will issue a refund within 3-5 business days if applicable.
1613,Ad amet et voluptate commodo eiusmod eiusmod quis sit aliquip.,Billing,Our technical team will run a diagnostic on your connection within 24 hours.
1835,Voluptate minim consectetur laboris in elit minim exercitation.,Billing,Our technical team will run a diagnostic on your connection within 24 hours.
1987,Dolor ex nisi ut magna laboris dolore irure ut.,Technical issue,We have flagged this charge for review and will issue a refund within 3-5 business days if applicable.
1253,Dolor lorem veniam nostrud lorem ut dolor dolor ipsum.,Technical issue,We have flagged this charge for review and will issue a refund within 3-5 business days if applicable.
1338,Minim tempor enim veniam aliquip aute quis eiusmod.,Account access,Please reset your password using the link we just sent to your registered email.
1484,Magna amet laboris et magna aute dolor laboris ullamco dolor aliquip commodo amet sed.,Billing,Our technical team will run a diagnostic on your connection within 24 hours.
1549,Adipiscing elit ut aute sit commodo duis amet laboris veniam lorem.,Billing,Our technical team will run a diagnostic on your connection within 24 hours.
1095,Duis elit enim do magna dolor dolore voluptate tempor ea ut aliqua reprehenderit voluptate.,Technical issue,We have flagged this charge for review and will issue a refund within 3-5 business days if applicable.
1569,Ut adipiscing incididunt reprehenderit quis veniam ex dolor nostrud ad duis adipiscing reprehenderit.,Technical issue,We have flagged this charge for review and will issue a refund within 3-5 business days if applicable.
1082,Elit nostrud nisi eiusmod consectetur irure eiusmod nostrud exercitation aliqua nostrud minim in sed.,Billing,Our technical team will run a diagnostic on your connection within 24 hours.
1733,Eiusmod magna laboris incididunt ut ex sit ut voluptate voluptate.,Technical issue,We have flagged this charge for review and will issue a refund within 3-5 business days if applicable.
1075,Do tempor in aute aute et adipiscing consequat ut exercitation voluptate laboris.,Technical issue,We have flagged this charge for review and will issue a refund within 3-5 business days if applicable.
1008,Consequat incididunt laboris in consectetur amet amet veniam tempor exercitation ut sed ullamco.,Billing,Our technical team will run a diagnostic on your connection within 24 hours.
1270,Ad irure duis sit aliqua tempor lorem ea ullamco tempor aliquip veniam.,Account access,Please reset your password using the link we just sent to your registered email.
1437,Lorem sit aute irure veniam consequat nostrud adipiscing consectetur ut irure commodo.,Billing,Our technical team will run a diagnostic on your connection within 24 hours.
1881,Irure do eiusmod amet ea irure magna exercitation.,General Inquiry,Thank you for reaching out; a support representative will respond within one business day.
1158,Aute reprehenderit commodo aute ipsum aliquip labore in commodo.,Billing,Our technical team will run a diagnostic on your connection within 24 hours.
1884,Commodo tempor ea amet aute duis do consequat ut ut commodo do ipsum.,Billing,Our technical team will run a diagnostic on your connection within 24 hours.
1197,Labore aute reprehenderit incididunt ullamco magna voluptate veniam in amet reprehenderit.,Technical issue,We have flagged this charge for review and will issue a refund within 3-5 business days if applicable.
1182,Reprehenderit tempor amet aliqua aliquip ut exercitation ad dolore quis eiusmod ut.,Technical issue,We have flagged this charge for review and will issue a refund within 3-5 business days if applicable.
1001,Dolor veniam ut aliquip laboris et sit laboris labore ut duis ut.,Technical issue,We have flagged this charge for review and will issue a refund within 3-5 business days if applicable.
1307,Ut magna magna incididunt consectetur aliqua in nisi irure exercitation incididunt veniam.,Billing,Our technical team will run a diagnostic on your connection within 24 hours.
1000,Incididunt aliqua quis laboris ut ut do enim irure commodo.,Billing,Our technical team will run a diagnostic on your connection within 24 hours.
1173,Sit minim ullamco labore consequat ex laboris do sed ipsum eiusmod enim duis.,Account access,Please reset your password using the link we just sent to your registered email.
1074,Magna ullamco sed nisi ad eiusmod laboris lorem ex ea amet.,Account access,Please reset your password using the link we just sent to your registered email.
1435,Elit reprehenderit minim dolor eiusmod duis ut commodo laboris.,Billing,Our technical team will run a diagnostic on your connection within 24 hours.
1572,Ut ex ut consequat irure aliqua irure ut adipiscing aute ut ex.,Technical issue,We have flagged this charge for review and will issue a refund within 3-5 business days if applicable.
1860,Tempor ea enim eiusmod aliqua ut eiusmod labore irure sit adipiscing dolore adipiscing.,Technical issue,We have flagged this charge for review and will issue a refund within 3-5 business days if applicable.
1219,Magna labore enim dolor consequat dolore ea in.,Technical issue,We have flagged this charge for review and will issue a refund within 3-5 business days if applicable.
1020,Aute quis enim in incididunt dolore irure consequat veniam aliquip commodo irure enim tempor.,Billing,Our technical team will run a diagnostic on your connection within 24 hours.
1497,Dolore laboris commodo aliquip duis dolor voluptate minim.,Billing,Our technical team will run a diagnostic on your connection within 24 hours.
1928,Nostrud laboris sit aliqua aute elit tempor labore ut labore aute.,Account access,Please reset your password using the link we just sent to your registered email.
1284,In aliqua consequat enim ex dolor in do dolor reprehenderit ipsum ipsum eiusmod duis.,Technical issue,We have flagged this charge for review and will issue a refund within 3-5 business days if applicable.
1636,Eiusmod enim amet in ut tempor et exercitation reprehenderit.,General Inquiry,Thank you for reaching out; a support representative will respond within one business day.
1735,Ea elit ut quis dolor quis dolor dolore.,Technical issue,We have flagged this charge for review and will issue a refund within 3-5 business days if applicable.
1964,Sed nostrud consequat eiusmod nisi incididunt nisi commodo commodo quis ipsum minim laboris.,Billing,Our technical team will run a diagnostic on your connection within 24 hours.
1070,Ullamco lorem aliqua ad aliqua et irure ut adipiscing elit minim ullamco.,Technical issue,We have flagged this charge for review and will issue a refund within 3-5 business days if applicable.
1630,Dolor ea ut consequat nostrud ut eiusmod in tempor ut ex quis laboris labore.,Technical issue,We have flagged this charge for review and will issue a refund within 3-5 business days if applicable.
1506,Ut enim et tempor incididunt nostrud aute veniam minim sed eiusmod magna veniam eiusmod.,Technical issue,We have flagged this charge for review and will issue a refund within 3-5 business days if applicable.
1487,Ut ut lorem incididunt magna eiusmod laboris et veniam labore voluptate veniam et.,Technical issue,We have flagged this charge for review and will issue a refund within 3-5 business days if applicable.
1464,Ut do aliquip ut aliquip in nisi sed aliquip tempor.,General Inquiry,Thank you for reaching out; a support representative will respond within one business day.
1603,Minim incididunt amet sed do elit lorem minim tempor reprehenderit veniam nisi consectetur aute.,Billing,Our technical team will run a diagnostic on your connection within 24 hours.
1502,Aute quis enim aliqua elit dolor in enim.,Technical issue,We have flagged this charge for review and will issue a refund within 3-5 business days if applicable.
1841,Magna sit ullamco dolor adipiscing quis ut voluptate.,Technical issue,We have flagged this charge for review and will issue a refund within 3-5 business days if applicable.
1121,Ex exercitation commodo do minim ut ut duis voluptate ut exercitation exercitation.,Billing,Our technical team will run a diagnostic on your connection within 24 hours.
1757,In sed do laboris adipiscing elit sit lorem.,Technical issue,We have flagged this charge for review and will issue a refund within 3-5 business days if applicable.
1461,Nostrud incididunt do ut ut ut nisi dolor ea exercitation laboris in aliqua.,Technical issue,We have flagged this charge for review and will issue a refund within 3-5 business days if applicable.
1557,Ullamco dolor consequat sit elit ut ex quis incididunt.,Technical issue,We have flagged this charge for review and will issue a refund within 3-5 business days if applicable.
1127,Nisi ut in ad ad sit ipsum aliqua ut eiusmod sit.,General Inquiry,Thank you for reaching out; a support representative will respond within one business day.
1984,Consequat quis in voluptate laboris tempor ipsum ex enim laboris dolor elit nostrud.,Technical issue,We have flagged this charge for review and will issue a refund within 3-5 business days if applicable.
1650,Ad sit labore labore laboris duis labore nisi incididunt in commodo veniam ut ut.,Billing,Our technical team will run a diagnostic on your connection within 24 hours.
1331,Reprehenderit magna minim voluptate laboris veniam magna sed.,Account access,Please reset your password using the link we just sent to your registered email.
1370,Ex exercitation ex sed veniam dolor aliqua ut consectetur reprehenderit exercitation eiusmod.,Billing,Our technical team will run a diagnostic on your connection within 24 hours.
1162,Veniam veniam amet voluptate dolor ut consectetur consequat ad ut.,Billing,Our technical team will run a diagnostic on your connection within 24 hours.
1521,Tempor consequat voluptate eiusmod veniam dolore dolor ad aute aute tempor ea magna.,Technical issue,We have flagged this charge for review and will issue a refund within 3-5 business days if applicable.
1956,Ad consequat incididunt incididunt nostrud voluptate ad adipiscing veniam labore veniam veniam ut ut.,Technical issue,We have flagged this charge for review and will issue a refund within 3-5 business days if applicable.
1193,Eiusmod dolore duis magna ut enim dolor dolore voluptate commodo laboris adipiscing reprehenderit.,Billing,Our technical team will run a diagnostic on your connection within 24 hours.
1129,Reprehenderit labore amet duis amet dolor lorem adipiscing aute reprehenderit sit ea.,Technical issue,We have flagged this charge for review and will issue a refund within 3-5 business days if applicable.
1271,Exercitation magna sit labore laboris minim reprehenderit exercitation irure enim.,Account access,Please reset your password using the link we just sent to your registered email.
1554,Exercitation eiusmod nisi incididunt do sit voluptate ex.,Technical issue,We have flagged this charge for review and will issue a refund within 3-5 business days if applicable.
1720,Amet elit incididunt ipsum ut dolor et aliqua eiusmod magna nisi elit elit exercitation.,Technical issue,We have flagged this charge for review and will issue a refund within 3-5 business days if applicable.
1391,Nisi ad nostrud do ullamco ut laboris irure enim incididunt veniam sit.,Technical issue,We have flagged this charge for review and will issue a refund within 3-5 business days if applicable.
1967,Voluptate incididunt reprehenderit nisi ut incididunt voluptate duis amet dolore.,Technical issue,We have flagged this charge for review and will issue a refund within 3-5 business days if applicable.
1367,Incididunt ut lorem consequat magna lorem aute ea reprehenderit dolor ex consequat.,Technical issue,We have flagged this charge for review and will issue a refund within 3-5 business days if applicable.
1924,Ea do commodo do sed eiusmod ex ea nisi consectetur.,Billing,Our technical team will run a diagnostic on your connection within 24 hours.
1099,Ullamco ut aliqua quis aliquip sit incididunt ex elit consectetur veniam reprehenderit minim.,Billing,Our technical team will run a diagnostic on your connection within 24 hours.
1935,Consequat tempor consequat enim commodo ex labore amet reprehenderit adipiscing.,Billing,Our technical team will run a diagnostic on your connection within 24 hours.
1989,Duis aliquip voluptate reprehenderit commodo et ea lorem veniam.,Billing,Our technical team will run a diagnostic on your connection within 24 hours.
1465,Laboris laboris nostrud consequat in amet eiusmod ipsum irure quis.,Account access,Please reset your password using the link we just sent to your registered email.
1937,Do dolor consequat dolor incididunt magna adipiscing in ut ad amet irure.,Technical issue,We have flagged this charge for review and will issue a refund within 3-5 business days if applicable.
1138,Ut laboris aliquip in aliqua aliquip adipiscing magna amet ad magna.,Technical issue,We have flagged this charge for review and will issue a refund within 3-5 business days if applicable.
1974,Ipsum et ut in duis amet nisi veniam voluptate et.,General Inquiry,Thank you for reaching out; a support representative will respond within one business day.
1407,Sed consectetur duis ut laboris ullamco nostrud lorem ea eiusmod.,Billing,Our technical team will run a diagnostic on your connection within 24 hours.
1128,Quis dolor ex sed do aute labore adipiscing irure lorem duis adipiscing consectetur eiusmod.,Billing,Our technical team will run a diagnostic on your connection within 24 hours.
1178,Laboris ipsum lorem ea eiusmod ut elit dolor.,Technical issue,We have flagged this charge for review and will issue a refund within 3-5 business days if applicable.
1759,Minim ex enim ea minim amet ad in ipsum ea aute.,Account access,Please reset your password using the link we just sent to your registered email.
1533,Ut reprehenderit dolor enim magna nisi ad dolor sit sit.,Technical issue,We have flagged this charge for review and will issue a refund within 3-5 business days if applicable.
1622,Dolor tempor ullamco veniam ut voluptate minim ut exercitation.,Technical issue,We have flagged this charge for review and will issue a refund within 3-5 business days if applicable.
1101,Ut duis ullamco ea ut do ut do labore ut magna amet aliqua laboris.,Account access,Please reset your password using the link we just sent to your registered email.
1383,Nisi enim sit sit aliqua ex dolore consectetur dolor.,Billing,Our technical team will run a diagnostic on your connection within 24 hours.
1979,Quis laboris magna aute in aliqua dolor dolor incididunt ut amet ad.,Technical issue,We have flagged this charge for review and will issue a refund within 3-5 business days if applicable.
1158,Enim duis et veniam amet tempor do aliqua quis ex exercitation nisi veniam.,General Inquiry,Thank you for reaching out; a support representative will respond within one business day.
1623,Consequat tempor elit ut ut labore lorem aute quis magna adipiscing ullamco ipsum.,Technical issue,We have flagged this charge for review and will issue a refund within 3-5 business days if applicable.
1764,Do aliqua labore et aliquip ea quis sit dolor adipiscing exercitation laboris.,Technical issue,We have flagged this charge for review and will issue a refund within 3-5 business days if applicable.
1278,Laboris enim ut tempor ex amet aliqua incididunt nisi enim laboris.,Technical issue,We have flagged this charge for review and will issue a refund within 3-5 business days if applicable.
1046,Dolore nostrud lorem incididunt do consectetur eiusmod labore lorem.,Billing,Our technical team will run a diagnostic on your connection within 24 hours.
1764,Elit dolore ut ad consequat commodo sit aute ipsum lorem dolor.,Billing,Our technical team will run a diagnostic on your connection within 24 hours.
1882,Quis quis ut magna amet lorem ut commodo exercitation consequat.,Billing,Our technical team will run a diagnostic on your connection within 24 hours.
1941,Sit duis eiusmod nostrud minim magna ut labore labore elit.,Account access,Please reset your password using the link we just sent to your registered email.
1522,Amet ad irure et aliquip consequat consequat eiusmod adipiscing sed nostrud ex laboris.,Technical issue,We have flagged this charge for review and will issue a refund within 3-5 business days if applicable.
1181,Ullamco ut quis quis nisi aute ullamco voluptate ut reprehenderit ut aliqua enim ullamco.,Account access,Please reset your password using the link we just sent to your registered email.
1815,Nostrud et sit ut ipsum et incididunt ullamco voluptate sit.,Technical issue,We have flagged this charge for review and will issue a refund within 3-5 business days if applicable.
1608,Dolore quis reprehenderit aliquip ipsum dolor quis sed exercitation ad reprehenderit ut.,Technical issue,We have flagged this charge for review and will issue a refund within 3-5 business days if applicable.
1830,Labore ut ad elit eiusmod aliqua aliqua minim adipiscing dolore incididunt magna labore nostrud.,Technical issue,We have flagged this charge for review and will issue a refund within 3-5 business days if applicable.
1808,Ullamco dolor amet nisi incididunt aliquip laboris irure aute labore nostrud adipiscing et.,Technical issue,We have flagged this charge for review and will issue a refund within 3-5 business days if applicable.
1990,Ut dolore nostrud in ut dolore commodo commodo laboris consequat aliquip nisi minim.,Billing,Our technical team will run a diagnostic on your connection within 24 hours.
1661,Aliqua et et elit do in enim do consectetur sit duis amet ea.,Billing,Our technical team will run a diagnostic on your connection within 24 hours.
1855,Aute ipsum labore ex consectetur dolore adipiscing consequat ea commodo elit aliqua magna.,Billing,Our technical team will run a diagnostic on your connection within 24 hours.
1692,Eiusmod ut incididunt ex ut minim ut commodo enim consequat et in voluptate.,Billing,Our technical team will run a diagnostic on your connection within 24 hours.
1472,Incididunt dolore minim reprehenderit consequat commodo consectetur eiusmod ullamco aute veniam amet duis duis.,Billing,Our technical team will run a diagnostic on your connection within 24 hours.
1291,Ex tempor irure adipiscing aliqua in do ut.,Technical issue,We have flagged this charge for review and will issue a refund within 3-5 business days if applicable.
1357,Magna magna dolore dolore sit do ut amet.,Technical issue,We have flagged this charge for review and will issue a refund within 3-5 business days if applicable.
1731,Labore adipiscing ipsum dolor enim consequat ex enim exercitation irure lorem do adipiscing.,Technical issue,We have flagged this charge for review and will issue a refund within 3-5 business days if applicable.
1962,Exercitation aliqua ea eiusmod consectetur eiusmod ullamco exercitation dolor consequat ad veniam ullamco.,Billing,Our technical team will run a diagnostic on your connection within 24 hours.
1588,Ut incididunt lorem et quis sed laboris minim et.,Technical issue,We have flagged this charge for review and will issue a refund within 3-5 business days if applicable.
1976,Veniam ea ad lorem aute ipsum dolore dolore ex et dolor eiusmod.,Technical issue,We have flagged this charge for review and will issue a refund within 3-5 business days if applicable.
1672,Amet nostrud ex consectetur et labore ullamco consequat nisi voluptate enim elit consectetur.,Billing,Our technical team will run a diagnostic on your connection within 24 hours.
1733,In ipsum sed commodo irure ut ut magna consequat enim ipsum ullamco incididunt aute.,Billing,Our technical team will run a diagnostic on your connection within 24 hours.
1048,Laboris tempor commodo aliqua magna aliqua reprehenderit labore sed nisi et commodo tempor sit.,Billing,Our technical team will run a diagnostic on your connection within 24 hours.
1434,Aliqua voluptate elit incididunt amet labore incididunt ut.,Technical issue,We have flagged this charge for review and will issue a refund within 3-5 business days if applicable.
1734,Elit ut ut aliquip dolor exercitation aliqua ullamco commodo dolor laboris.,Billing,Our technical team will run a diagnostic on your connection within 24 hours.
1415,Minim ex adipiscing ipsum duis nisi aliqua consectetur eiusmod ullamco.,Billing,Our technical team will run a diagnostic on your connection within 24 hours.
1370,In ipsum adipiscing ut et ut sit consectetur et ut tempor.,Billing,Our technical team will run a diagnostic on your connection within 24 hours.
1983,Ipsum sed minim dolor consectetur ea ut do.,Billing,Our technical team will run a diagnostic on your connection within 24 hours.
1626,Nisi voluptate sed consectetur sit elit ut voluptate commodo reprehenderit.,Billing,Our technical team will run a diagnostic on your connection within 24 hours.
1327,Labore dolor veniam irure duis ut dolor ullamco commodo ad consectetur sed consectetur.,Billing,Our technical team will run a diagnostic on your connection within 24 hours.
1809,Ipsum veniam et commodo veniam exercitation sit ut voluptate ut minim.,Billing,Our technical team will run a diagnostic on your connection within 24 hours.
1787,Consequat sit reprehenderit ullamco ut nisi labore aute ea ullamco elit.,Account access,Please reset your password using the link we just sent to your registered email.
1989,Aliqua dolor dolor consectetur adipiscing elit ut ut labore.,Billing,Our technical team will run a diagnostic on your connection within 24 hours.
1963,Irure duis eiusmod ullamco veniam consectetur ut minim ad elit in adipiscing.,Billing,Our technical team will run a diagnostic on your connection within 24 hours.
1674,Ut exercitation duis quis consequat ipsum ipsum ullamco quis ullamco ex magna.,Account access,Please reset your password using the link we just sent to your registered email.
1654,Ad exercitation incididunt reprehenderit enim commodo nisi incididunt.,Billing,Our technical team will run a diagnostic on your connection within 24 hours.
1074,Dolor aliqua enim sed exercitation ut ut aliquip aute reprehenderit consectetur et quis.,Billing,Our technical team will run a diagnostic on your connection within 24 hours.
1326,Enim tempor eiusmod amet incididunt dolore exercitation eiusmod aute.,Technical issue,We have flagged this charge for review and will issue a refund within 3-5 business days if applicable.
1163,Labore quis ut ex ad minim ad ut lorem in ad reprehenderit do et.,Account access,Please reset your password using the link we just sent to your registered email.
1051,Ad aute laboris enim veniam duis aliqua aute aliquip ex.,General Inquiry,Thank you for reaching out; a support representative will respond within one business day.
1374,Magna quis sed veniam sit ad ex incididunt.,Technical issue,We have flagged this charge for review and will issue a refund within 3-5 business days if applicable.
1638,Exercitation consectetur amet dolore voluptate veniam et adipiscing nostrud magna ipsum ipsum ut.,Billing,Our technical team will run a diagnostic on your connection within 24 hours.
1823,Minim adipiscing irure adipiscing in ut dolore exercitation duis nostrud ad.,Technical issue,We have flagged this charge for review and will issue a refund within 3-5 business days if applicable.
1521,Ad quis enim lorem labore amet magna ut irure aute ullamco nostrud.,Account access,Please reset your password using the link we just sent to your registered email.
1271,Ea ea quis aliquip nostrud elit ullamco exercitation duis adipiscing nisi ipsum in.,Technical issue,We have flagged this charge for review and will issue a refund within 3-5 business days if applicable.
1112,Lorem ut adipiscing nisi magna ea dolor aute aliquip.,Technical issue,We have flagged this charge for review and will issue a refund within 3-5 business days if applicable.
1063,Consectetur sed ut laboris minim ut elit dolor labore et ea ut ullamco.,Billing,Our technical team will run a diagnostic on your connection within 24 hours.
1709,Exercitation sed eiusmod veniam do reprehenderit incididunt incididunt sed ut.,Technical issue,We have flagged this charge for review and will issue a refund within 3-5 business days if applicable.
1324,Labore in commodo tempor consectetur nisi dolore voluptate consequat reprehenderit commodo.,Billing,Our technical team will run a diagnostic on your connection within 24 hours.
1297,Incididunt ut labore ut tempor enim sed veniam.,Technical issue,We have flagged this charge for review and will issue a refund within 3-5 business days if applicable.
1955,Nisi consectetur exercitation nostrud eiusmod laboris minim ullamco dolor magna ut amet.,Billing,Our technical team will run a diagnostic on your connection within 24 hours.
1789,Lorem veniam dolor magna in aute enim sed reprehenderit.,Technical issue,We have flagged this charge for review and will issue a refund within 3-5 business days if applicable.
1328,Ullamco dolor sit quis veniam aliquip in dolor elit aute.,Technical issue,We have flagged this charge for review and will issue a refund within 3-5 business days if applicable.
1180,Voluptate magna ad in reprehenderit dolor aute lorem.,Technical issue,We have flagged this charge for review and will issue a refund within 3-5 business days if applicable.
1581,Amet voluptate incididunt voluptate veniam ad in duis enim sed amet adipiscing.,Technical issue,We have flagged this charge for review and will issue a refund within 3-5 business days if applicable.
1469,Tempor sed aliquip commodo quis ex elit duis irure consequat minim sit laboris.,Billing,Our technical team will run a diagnostic on your connection within 24 hours.
1189,Enim in lorem dolore ut tempor labore nostrud quis.,Technical issue,We have flagged this charge for review and will issue a refund within 3-5 business days if applicable.
1267,Et eiusmod laboris enim adipiscing nisi dolor irure ea nisi ullamco in et.,Technical issue,We have flagged this charge for review and will issue a refund within 3-5 business days if applicable.
1226,Reprehenderit enim ut voluptate dolore ut dolor ex commodo.,Billing,Our technical team will run a diagnostic on your connection within 24 hours.
1845,Ex nisi nostrud ea minim minim et dolor amet.,Technical issue,We have flagged this charge for review and will issue a refund within 3-5 business days if applicable.
1848,Irure sed veniam elit duis aliqua nisi ut ad irure ut dolor.,Technical issue,We have flagged this charge for review and will issue a refund within 3-5 business days if applicable.
1135,Magna quis quis laboris ut lorem eiusmod lorem do sit aliqua ut.,General Inquiry,Thank you for reaching out; a support representative will respond within one business day.
1554,In dolor in ipsum magna ea ex voluptate.,Technical issue,We have flagged this charge for review and will issue a refund within 3-5 business days if applicable.
1661,Dolore irure ut dolor dolore sit reprehenderit aute consectetur duis consectetur.,Billing,Our technical team will run a diagnostic on your connection within 24 hours.
1550,Minim aliquip do lorem lorem incididunt laboris veniam minim consequat eiusmod.,Technical issue,We have flagged this charge for review and will issue a refund within 3-5 business days if applicable.
1354,Tempor in aliquip amet commodo aliqua ex irure lorem.,Billing,Our technical team will run a diagnostic on your connection within 24 hours.
1211,Amet ipsum nostrud ut dolor aliquip magna eiusmod.,Technical issue,We have flagged this charge for review and will issue a refund within 3-5 business days if applicable.
1222,Aute dolor ad incididunt consequat aliquip ut nostrud laboris ut incididunt adipiscing laboris do.,Technical issue,We have flagged this charge for review and will issue a refund within 3-5 business days if applicable.
1307,Dolor in aute dolor exercitation aliqua ad reprehenderit in laboris.,Technical issue,We have flagged this charge for review and will issue a refund within 3-5 business days if applicable.
1804,Ut magna adipiscing dolore ex enim duis incididunt ut commodo dolor quis.,Billing,Our technical team will run a diagnostic on your connection within 24 hours.
1991,Veniam consectetur eiusmod sed ullamco dolor duis sit aliquip sed tempor.,Billing,Our technical team will run a diagnostic on your connection within 24 hours.
1689,Nostrud aute sed ex aliquip quis enim aute labore reprehenderit lorem in.,Account access,Please reset your password using the link we just sent to your registered email.
1985,Consectetur voluptate enim eiusmod nostrud sed dolor veniam ea dolore minim et tempor.,Billing,Our technical team will run a diagnostic on your connection within 24 hours.
1525,Enim commodo aliquip ex ut sed ut ipsum aute aliquip lorem.,Billing,Our technical team will run a diagnostic on your connection within 24 hours.
1566,Quis magna adipiscing labore dolore consequat ad laboris nisi tempor consequat reprehenderit.,Technical issue,We have flagged this charge for review and will issue a refund within 3-5 business days if applicable.
1657,Ad elit commodo elit ut enim dolor veniam ullamco dolor ipsum duis in.,Billing,Our technical team will run a diagnostic on your connection within 24 hours.
1684,Ex magna duis do ut lorem ad dolore.,Technical issue,We have flagged this charge for review and will issue a refund within 3-5 business days if applicable.
1632,Laboris exercitation enim enim lorem veniam lorem minim tempor voluptate lorem commodo laboris.,Billing,Our technical team will run a diagnostic on your connection within 24 hours.
1825,Amet amet adipiscing sed minim consequat tempor magna dolore.,Technical issue,We have flagged this charge for review and will issue a refund within 3-5 business days if applicable.
1415,Quis voluptate do nisi duis laboris duis ex amet dolore veniam.,Technical issue,We have flagged this charge for review and will issue a refund within 3-5 business days if applicable.
1057,Lorem elit ad aliqua ea quis duis amet minim ipsum do aute irure.,Account access,Please reset your password using the link we just sent to your registered email.
1486,Dolor sit dolor irure quis ipsum dolor ut reprehenderit nostrud.,Technical issue,We have flagged this charge for review and will issue a refund within 3-5 business days if applicable.
1770,Ut magna sit adipiscing eiusmod consequat dolore irure labore ex adipiscing voluptate aliquip ad.,Technical issue,We have flagged this charge for review and will issue a refund within 3-5 business days if applicable.
1997,Dolor aliqua duis labore ea reprehenderit magna ea ipsum tempor.,Technical issue,We have flagged this charge for review and will issue a refund within 3-5 business days if applicable.
1461,Do veniam dolore elit nostrud dolore ea incididunt eiusmod sit tempor.,Technical issue,We have flagged this charge for review and will issue a refund within 3-5 business days if applicable.
1389,Ea adipiscing dolore et sit in ut ex amet sit aliqua veniam minim.,Technical issue,We have flagged this charge for review and will issue a refund within 3-5 business days if applicable.
1105,Sit veniam nostrud ea aute lorem magna ea.,Account access,Please reset your password using the link we just sent to your registered email.
1742,Irure voluptate quis elit dolore consectetur incididunt ad dolor aliqua aliqua enim.,Billing,Our technical team will run a diagnostic on your connection within 24 hours.
1078,Eiusmod eiusmod exercitation nostrud sed amet ut in labore exercitation.,Account access,Please reset your password using the link we just sent to your registered email.
1823,Labore labore consequat duis reprehenderit consectetur ut in sed ut reprehenderit reprehenderit incididunt nisi.,Billing,Our technical team will run a diagnostic on your connection within 24 hours.
1502,Ea labore incididunt ea et in sed voluptate elit ea ipsum aliquip.,Technical issue,We have flagged this charge for review and will issue a refund within 3-5 business days if applicable.
1965,Do commodo consequat dolor duis commodo laboris consectetur ut eiusmod adipiscing aliqua dolore.,Billing,Our technical team will run a diagnostic on your connection within 24 hours.
1459,Enim magna ad dolor nisi veniam commodo et irure veniam ullamco sit.,Billing,Our technical team will run a diagnostic on your connection within 24 hours.
1787,Laboris et ullamco ipsum voluptate nisi magna ex reprehenderit.,Account access,Please reset your password using the link we just sent to your registered email.
1440,Lorem tempor ad minim quis quis ut dolore.,Technical issue,We have flagged this charge for review and will issue a refund within 3-5 business days if applicable.
1790,Nostrud ad labore ipsum amet magna reprehenderit amet in adipiscing ut ut sed.,Technical issue,We have flagged this charge for review and will issue a refund within 3-5 business days if applicable.
1494,Enim aliqua nisi ut incididunt commodo amet duis ullamco nisi.,Billing,Our technical team will run a diagnostic on your connection within 24 hours.
1168,Eiusmod elit adipiscing quis reprehenderit do magna elit ullamco aliqua ipsum exercitation sed.,Technical issue,We have flagged this charge for review and will issue a refund within 3-5 business days if applicable.
1606,Dolore ut sed ex commodo dolor amet aute sed labore ut.,Billing,Our technical team will run a diagnostic on your connection within 24 hours.
1268,Aute minim ullamco nostrud exercitation nostrud labore duis exercitation commodo ut incididunt exercitation.,Billing,Our technical team will run a diagnostic on your connection within 24 hours.
1086,Consectetur consectetur ut elit nisi ad magna consectetur dolore elit ullamco nisi ullamco.,Billing,Our technical team will run a diagnostic on your connection within 24 hours.
1177,Elit incididunt sed duis exercitation aute in enim sed dolore quis laboris.,Technical issue,We have flagged this charge for review and will issue a refund within 3-5 business days if applicable.
1418,Ad ut ut elit quis commodo do ipsum do incididunt ea quis ea.,Billing,Our technical team will run a diagnostic on your connection within 24 hours.
1507,Ad quis tempor veniam voluptate veniam ex ex aliqua do aliqua aliquip.,General Inquiry,Thank you for reaching out; a support representative will respond within one business day.
1669,Eiusmod aute ipsum tempor aute sit aute consectetur commodo do aliquip nisi aute exercitation.,Billing,Our technical team will run a diagnostic on your connection within 24 hours.
1438,Exercitation ea commodo commodo quis minim nostrud elit voluptate.,Billing,Our technical team will run a diagnostic on your connection within 24 hours.
1299,Quis in minim irure consequat consectetur ex magna dolor tempor.,Billing,Our technical team will run a diagnostic on your connection within 24 hours.
1671,Ut consectetur adipiscing ut eiusmod duis dolore adipiscing ullamco.,Billing,Our technical team will run a diagnostic on your connection within 24 hours.
1642,Dolore sit commodo ea magna ex nisi aute ut enim nostrud.,Billing,Our technical team will run a diagnostic on your connection within 24 hours.
1889,Duis amet reprehenderit ullamco nisi duis commodo magna reprehenderit consequat ad ut incididunt veniam.,Billing,Our technical team will run a diagnostic on your connection within 24 hours.
1133,Duis ea irure ex ipsum exercitation consequat lorem dolor adipiscing ut voluptate.,Technical issue,We have flagged this charge for review and will issue a refund within 3-5 business days if applicable.
1438,Voluptate dolor aute incididunt aute aute amet et sit.,Technical issue,We have flagged this charge for review and will issue a refund within 3-5 business days if applicable.
1680,Elit magna ut ut eiusmod laboris ut lorem enim consectetur do nisi lorem.,Billing,Our technical team will run a diagnostic on your connection within 24 hours.
1712,Consequat voluptate aliqua consectetur sit dolore aliquip amet ut aute.,Billing,Our technical team will run a diagnostic on your connection within 24 hours.
1140,Ea ex consectetur voluptate adipiscing minim lorem ullamco aliqua aliquip ullamco.,Billing,Our technical team will run a diagnostic on your connection within 24 hours.
1155,Exercitation ut do irure adipiscing consectetur aliquip et aliqua commodo eiusmod.,Billing,Our technical team will run a diagnostic on your connection within 24 hours.
1660,Eiusmod nostrud aliquip incididunt in ipsum duis aute.,Technical issue,We have flagged this charge for review and will issue a refund within 3-5 business days if applicable.
1210,Exercitation sed dolore ullamco ea commodo eiusmod dolore eiusmod ullamco sit irure.,Billing,Our technical team will run a diagnostic on your connection within 24 hours.
1012,In consectetur aute quis et nisi ex reprehenderit ea lorem.,Billing,Our technical team will run a diagnostic on your connection within 24 hours.
1069,Tempor ipsum dolor ea ad ullamco ad magna.,Technical issue,We have flagged this charge for review and will issue a refund within 3-5 business days if applicable.
1718,Sit veniam exercitation tempor ut ad sed commodo veniam dolore ullamco.,Billing,Our technical team will run a diagnostic on your connection within 24 hours.
1854,Nisi dolor ut aliquip duis dolor sit aliqua ut exercitation ut aliquip aliquip.,Technical issue,We have flagged this charge for review and will issue a refund within 3-5 business days if applicable.
1122,Ut ut elit in minim ea ut elit.,Account access,Please reset your password using the link we just sent to your registered email.
1129,Ea tempor irure ea ipsum commodo tempor dolor ut quis sit ut et.,Billing,Our technical team will run a diagnostic on your connection within 24 hours.
1511,Quis et eiusmod amet quis aliquip do ad ipsum aute eiusmod enim dolore adipiscing.,Technical issue,We have flagged this charge for review and will issue a refund within 3-5 business days if applicable.
1953,Ipsum commodo ut laboris do eiusmod dolor ut consequat quis consectetur laboris dolor do.,Billing,Our technical team will run a diagnostic on your connection within 24 hours.
1528,Reprehenderit dolor ut incididunt duis labore veniam lorem.,Technical issue,We have flagged this charge for review and will issue a refund within 3-5 business days if applicable.
1205,Quis ut exercitation ut nostrud ad ea sed irure ex.,Account access,Please reset your password using the link we just sent to your registered email.
1251,Lorem magna eiusmod labore duis aute in lorem laboris.,General Inquiry,Thank you for reaching out; a support representative will respond within one business day.
1869,Aliquip amet minim eiusmod ad dolor voluptate ut amet dolor irure minim ut.,Technical issue,We have flagged this charge for review and will issue a refund within 3-5 business days if applicable.
1381,Reprehenderit sit amet consectetur consequat sit quis aliqua reprehenderit eiusmod tempor.,Billing,Our technical team will run a diagnostic on your connection within 24 hours.
1322,Dolore consequat labore ut eiusmod in consectetur ea amet amet ut ut consectetur et.,Billing,Our technical team will run a diagnostic on your connection within 24 hours.
1788,Ut ut duis sit commodo ut ut nostrud do.,Billing,Our technical team will run a diagnostic on your connection within 24 hours.
1877,Adipiscing ut reprehenderit magna dolor incididunt consequat elit in duis.,Technical issue,We have flagged this charge for review and will issue a refund within 3-5 business days if applicable.
1569,Veniam amet amet commodo consectetur dolor ea do sed magna nisi in sit.,Billing,Our technical team will run a diagnostic on your connection within 24 hours.
1600,Dolor sit voluptate sed ullamco commodo sit duis commodo consectetur.,Billing,Our technical team will run a diagnostic on your connection within 24 hours.
1964,Dolor dolor aliqua aliquip ad dolore aliqua et dolor tempor ut.,Technical issue,We have flagged this charge for review and will issue a refund within 3-5 business days if applicable.
1152,Exercitation exercitation ullamco ad aute enim sit dolore.,Technical issue,We have flagged this charge for review and will issue a refund within 3-5 business days if applicable.
1429,Ullamco commodo eiusmod voluptate veniam lorem dolore ut enim.,Billing,Our technical team will run a diagnostic on your connection within 24 hours.
1800,Labore quis ut tempor ipsum nostrud ipsum commodo incididunt commodo enim.,Billing,Our technical team will run a diagnostic on your connection within 24 hours.
1366,Nostrud eiusmod adipiscing eiusmod eiusmod minim commodo aliquip ex in quis voluptate dolore in.,Billing,Our technical team will run a diagnostic on your connection within 24 hours.
1865,Elit nostrud commodo nisi dolor ipsum ut in quis.,Billing,Our technical team will run a diagnostic on your connection within 24 hours.
1576,Consequat commodo reprehenderit veniam elit ipsum dolor nostrud lorem.,Billing,Our technical team will run a diagnostic on your connection within 24 hours.
1489,Labore exercitation commodo labore elit commodo aute dolor.,Billing,Our technical team will run a diagnostic on your connection within 24 hours.
1151,Ut adipiscing amet minim et sit ut laboris nostrud labore ut reprehenderit.,Technical issue,We have flagged this charge for review and will issue a refund within 3-5 business days if applicable.
1749,Commodo reprehenderit ullamco elit reprehenderit nisi dolor ea do nostrud elit.,Billing,Our technical team will run a diagnostic on your connection within 24 hours.
1314,Nisi consectetur aliquip in in dolore voluptate reprehenderit ipsum nostrud dolor reprehenderit do.,Billing,Our technical team will run a diagnostic on your connection within 24 hours.
1579,In adipiscing ex eiusmod voluptate elit irure sit.,Technical issue,We have flagged this charge for review and will issue a refund within 3-5 business days if applicable.
1725,Ullamco irure ut tempor eiusmod dolor tempor amet lorem dolore aliquip reprehenderit irure.,Technical issue,We have flagged this charge for review and will issue a refund within 3-5 business days if applicable.
1504,Et dolore consequat ea quis ex do ut commodo ipsum lorem.,Billing,Our technical team will run a diagnostic on your connection within 24 hours.
1267,Sit elit dolore aliquip veniam irure amet nostrud.,Technical issue,We have flagged this charge for review and will issue a refund within 3-5 business days if applicable.
1628,Ut aliqua laboris exercitation aliqua dolor labore reprehenderit magna veniam dolor.,Technical issue,We have flagged this charge for review and will issue a refund within 3-5 business days if applicable.
1553,Laboris incididunt amet dolore veniam ad dolor lorem sit consequat.,Technical issue,We have flagged this charge for review and will issue a refund within 3-5 business days if applicable.
1640,Enim amet sed ullamco voluptate enim amet ea enim irure tempor ullamco.,Account access,Please reset your password using the link we just sent to your registered email.
1396,Et dolore sed ipsum aliqua tempor consequat quis adipiscing.,Technical issue,We have flagged this charge for review and will issue a refund within 3-5 business days if applicable.
1713,Amet laboris commodo magna ex do dolor dolore minim reprehenderit nisi in quis.,Billing,Our technical team will run a diagnostic on your connection within 24 hours.
1241,Incididunt dolore duis ipsum quis minim quis voluptate adipiscing in ut.,Technical issue,We have flagged this charge for review and will issue a refund within 3-5 business days if applicable.
1971,Reprehenderit commodo consectetur aliqua voluptate aliqua voluptate exercitation consequat.,Billing,Our technical team will run a diagnostic on your connection within 24 hours.
1264,Dolor dolor dolor dolore magna labore tempor ut aute ea.,Technical issue,We have flagged this charge for review and will issue a refund within 3-5 business days if applicable.
1638,Minim aliqua magna adipiscing nostrud ex in dolor quis amet incididunt veniam.,Technical issue,We have flagged this charge for review and will issue a refund within 3-5 business days if applicable.
1352,Tempor laboris quis enim elit magna exercitation nisi magna magna aute.,General Inquiry,Thank you for reaching out; a support representative will respond within one business day.
1707,Dolor enim tempor dolore labore commodo ut duis duis.,Billing,Our technical team will run a diagnostic on your connection within 24 hours.
1701,Reprehenderit do incididunt aliquip ea ut aliquip exercitation.,Technical issue,We have flagged this charge for review and will issue a refund within 3-5 business days if applicable.
1091,Aliqua dolor magna enim minim dolore dolor commodo dolor.,Billing,Our technical team will run a diagnostic on your connection within 24 hours.
1726,Magna ea minim quis elit aute sed dolor ipsum dolor et sed.,Technical issue,We have flagged this charge for review and will issue a refund within 3-5 business days if applicable.
1377,Ut magna dolor nisi eiusmod ad ut reprehenderit enim veniam labore duis tempor consequat.,Technical issue,We have flagged this charge for review and will issue a refund within 3-5 business days if applicable.
1092,Ipsum dolor duis ea do do do sed laboris minim.,Technical issue,We have flagged this charge for review and will issue a refund within 3-5 business days if applicable.
1885,Reprehenderit nisi enim consectetur elit commodo do exercitation in ut ut tempor irure duis.,Billing,Our technical team will run a diagnostic on your connection within 24 hours.
1470,Do incididunt minim exercitation nostrud lorem voluptate reprehenderit duis quis.,Technical issue,We have flagged this charge for review and will issue a refund within 3-5 business days if applicable.
1608,Incididunt nisi enim labore tempor ut tempor laboris in laboris sed minim.,Technical issue,We have flagged this charge for review and will issue a refund within 3-5 business days if applicable.
1246,Commodo commodo nostrud laboris nisi aliquip laboris voluptate.,Billing,Our technical team will run a diagnostic on your connection within 24 hours.
1265,Magna aliquip nostrud voluptate consequat labore ut nisi ullamco enim in.,Account access,Please reset your password using the link we just sent to your registered email.
1367,Incididunt elit laboris quis incididunt enim aliquip aliquip quis dolor in irure.,Technical issue,We have flagged this charge for review and will issue a refund within 3-5 business days if applicable.
1670,Do do aute aliqua irure et nostrud ut.,Account access,Please reset your password using the link we just sent to your registered email.
1120,Dolor ullamco quis exercitation enim sed consectetur nisi minim magna aute.,Billing,Our technical team will run a diagnostic on your connection within 24 hours.
1154,Voluptate labore voluptate irure voluptate adipiscing aute elit sit.,Technical issue,We have flagged this charge for review and will issue a refund within 3-5 business days if applicable.
1340,Voluptate ut dolor ut do ea quis adipiscing ea ea consectetur aliqua aliqua.,Billing,Our technical team will run a diagnostic on your connection within 24 hours.
1439,Dolore ipsum sed dolore lorem ut consequat sed nisi exercitation eiusmod.,Technical issue,We have flagged this charge for review and will issue a refund within 3-5 business days if applicable.
1710,Ut amet ad ut dolor ipsum in ut minim minim.,Technical issue,We have flagged this charge for review and will issue a refund within 3-5 business days if applicable.
1444,Voluptate labore irure et sed in dolor magna do aliquip consectetur aliquip nostrud.,Billing,Our technical team will run a diagnostic on your connection within 24 hours.
1173,Et ullamco ipsum aute eiusmod minim dolor voluptate.,Technical issue,We have flagged this charge for review and will issue a refund within 3-5 business days if applicable.
1677,Laboris lorem nisi magna dolore veniam enim adipiscing.,Technical issue,We have flagged this charge for review and will issue a refund within 3-5 business days if applicable.
1711,Ullamco incididunt laboris laboris tempor exercitation consectetur consequat amet ut consectetur amet amet.,Billing,Our technical team will run a diagnostic on your connection within 24 hours.
1203,Sed tempor minim sed ut incididunt ipsum ad sed in labore lorem.,Technical issue,We have flagged this charge for review and will issue a refund within 3-5 business days if applicable.
1687,Irure consequat laboris adipiscing sit minim aliquip amet.,Technical issue,We have flagged this charge for review and will issue a refund within 3-5 business days if applicable.
1262,Do voluptate incididunt ut amet elit ipsum incididunt commodo ut aliquip amet ex.,Billing,Our technical team will run a diagnostic on your connection within 24 hours.
1046,Duis laboris elit et aliqua exercitation aute sit.,General Inquiry,Thank you for reaching out; a support representative will respond within one business day.
1834,Elit magna reprehenderit tempor dolore duis commodo ullamco commodo amet.,Billing,Our technical team will run a diagnostic on your connection within 24 hours.
1712,Dolor in adipiscing magna nostrud commodo nisi elit dolore et ipsum nisi duis.,Billing,Our technical team will run a diagnostic on your connection within 24 hours.
1996,Enim enim irure aliqua dolor laboris lorem aute minim.,Technical issue,We have flagged this charge for review and will issue a refund within 3-5 business days if applicable.
1761,Aliquip do reprehenderit aute minim nisi exercitation aliqua aliquip enim laboris ullamco.,Account access,Please reset your password using the link we just sent to your registered email.
1152,Consequat irure exercitation lorem in ad enim ad elit ex ut labore tempor ad.,General Inquiry,Thank you for reaching out; a support representative will respond within one business day.
1563,Dolore consequat sit ut quis sit ad ut voluptate ex lorem magna ipsum.,Technical issue,We have flagged this charge for review and will issue a refund within 3-5 business days if applicable.
1562,Consequat commodo reprehenderit ullamco irure quis laboris ut.,Billing,Our technical team will run a diagnostic on your connection within 24 hours.
1349,Consequat consequat duis labore ex nostrud ut et ut amet.,Account access,Please reset your password using the link we just sent to your registered email.
1674,Lorem et ullamco commodo veniam dolore amet irure ad.,Billing,Our technical team will run a diagnostic on your connection within 24 hours.
1841,Aliquip magna eiusmod sed consectetur duis do consequat sed labore ex ipsum ullamco.,Billing,Our technical team will run a diagnostic on your connection within 24 hours.
1688,Consectetur irure ut nostrud ad reprehenderit lorem aliquip veniam aliqua nostrud dolor.,Billing,Our technical team will run a diagnostic on your connection within 24 hours.
1799,Nisi elit consequat amet laboris exercitation ut aute aliqua.,General Inquiry,Thank you for reaching out; a support representative will respond within one business day.
1623,Ex tempor reprehenderit reprehenderit ut consectetur magna ut ex incididunt ut aute ut.,Billing,Our technical team will run a diagnostic on your connection within 24 hours.
1957,Ullamco sed exercitation incididunt labore laboris voluptate ullamco reprehenderit ad nisi ut.,Technical issue,We have flagged this charge for review and will issue a refund within 3-5 business days if applicable.
1118,Et enim quis laboris magna ex duis incididunt duis commodo minim ipsum adipiscing laboris.,Billing,Our technical team will run a diagnostic on your connection within 24 hours.
1204,Ex adipiscing incididunt eiusmod duis nisi incididunt ex ipsum consequat.,Technical issue,We have flagged this charge for review and will issue a refund within 3-5 business days if applicable.
1104,Aute aliquip aute aliquip quis eiusmod ea commodo incididunt laboris dolor dolore.,Billing,Our technical team will run a diagnostic on your connection within 24 hours.
1979,Reprehenderit ut veniam lorem eiusmod exercitation ea aute consequat dolor ut ullamco ex veniam.,Technical issue,We have flagged this charge for review and will issue a refund within 3-5 business days if applicable.
1617,Ea reprehenderit incididunt elit nisi sed elit minim dolore.,Technical issue,We have flagged this charge for review and will issue a refund within 3-5 business days if applicable.
1438,Veniam consectetur nostrud eiusmod labore ut adipiscing adipiscing ut dolor.,Billing,Our technical team will run a diagnostic on your connection within 24 hours.
1954,Exercitation laboris ad quis et ea ut do elit dolor ad magna veniam.,Technical issue,We have flagged this charge for review and will issue a refund within 3-5 business days if applicable.
1094,Do do labore et do ex minim voluptate consequat voluptate.,Account access,Please reset your password using the link we just sent to your registered email.
1009,Laboris ut irure exercitation exercitation reprehenderit nisi ut.,General Inquiry,Thank you for reaching out; a support representative will respond within one business day.
1937,In dolore veniam incididunt dolor consequat dolore commodo ut ipsum irure sed minim in.,Billing,Our technical team will run a diagnostic on your connection within 24 hours.
1171,Veniam lorem dolor laboris ea aute aliqua amet veniam ut reprehenderit ea ullamco in.,Technical issue,We have flagged this charge for review and will issue a refund within 3-5 business days if applicable.
1764,Adipiscing ut labore sit dolor commodo veniam quis do tempor dolore ullamco aliqua.,Billing,Our technical team will run a diagnostic on your connection within 24 hours.
1017,Laboris minim ullamco exercitation ex nostrud ut sit dolor amet ea.,Technical issue,We have flagged this charge for review and will issue a refund within 3-5 business days if applicable.
1308,Sit ex aliqua dolore laboris enim minim consectetur dolore commodo veniam reprehenderit.,Billing,Our technical team will run a diagnostic on your connection within 24 hours.
1147,Nisi dolor commodo aliquip dolore in veniam veniam consectetur lorem.,Billing,Our technical team will run a diagnostic on your connection within 24 hours.
1610,Veniam in ut ex irure labore magna ullamco minim adipiscing do.,Technical issue,We have flagged this charge for review and will issue a refund within 3-5 business days if applicable.
1854,Sed elit commodo duis duis in voluptate ut veniam incididunt.,Billing,Our technical team will run a diagnostic on your connection within 24 hours.
1068,Amet aliquip enim labore consectetur laboris amet exercitation irure ut.,Billing,Our technical team will run a diagnostic on your connection within 24 hours.
1461,Exercitation ut nostrud quis et ut aliqua lorem eiusmod do.,Account access,Please reset your password using the link we just sent to your registered email.
1757,Aliqua duis consectetur aliquip aute ut et ut veniam elit exercitation duis duis.,Billing,Our technical team will run a diagnostic on your connection within 24 hours.
1143,Sed aliquip exercitation aliquip irure duis ullamco commodo quis ea do ipsum.,Billing,Our technical team will run a diagnostic on your connection within 24 hours.
1266,Irure veniam laboris adipiscing dolore irure nostrud duis consectetur ad sit et.,Billing,Our technical team will run a diagnostic on your connection within 24 hours.
1010,Eiusmod reprehenderit voluptate nisi ex adipiscing adipiscing quis quis aute adipiscing aliquip in.,Technical issue,We have flagged this charge for review and will issue a refund within 3-5 business days if applicable.
1041,Ex do tempor eiusmod laboris minim commodo dolore dolor.,Billing,Our technical team will run a diagnostic on your connection within 24 hours.
1902,Ipsum ullamco amet reprehenderit ullamco tempor aliquip quis.,Account access,Please reset your password using the link we just sent to your registered email.
1583,Dolore dolore nostrud irure sit eiusmod reprehenderit do magna.,Technical issue,We have flagged this charge for review and will issue a refund within 3-5 business days if applicable.
1836,Labore commodo irure lorem aute aliqua do minim incididunt adipiscing adipiscing nostrud consequat laboris.,Billing,Our technical team will run a diagnostic on your connection within 24 hours.
1424,Labore amet nisi enim nostrud ullamco magna eiusmod consectetur nostrud consectetur minim irure adipiscing.,Billing,Our technical team will run a diagnostic on your connection within 24 hours.
1170,Dolor minim magna reprehenderit ullamco aute aliquip consequat in do.,Technical issue,We have flagged this charge for review and will issue a refund within 3-5 business days if applicable.
1621,Aute elit consequat nostrud commodo consequat elit laboris tempor aliquip labore.,Billing,Our technical team will run a diagnostic on your connection within 24 hours.
1464,Nostrud do dolore amet sed duis ad aliqua adipiscing amet enim exercitation.,Technical issue,We have flagged this charge for review and will issue a refund within 3-5 business days if applicable.
1039,Minim ex amet laboris irure veniam lorem in nisi aliqua aliqua aute nisi aliqua.,Account access,Please reset your password using the link we just sent to your registered email.
1960,Enim ea et commodo dolor consequat quis aliqua eiusmod ex dolor sit nostrud veniam.,Billing,Our technical team will run a diagnostic on your connection within 24 hours.
1263,Lorem aliquip lorem minim minim dolore sed commodo magna.,Billing,Our technical team will run a diagnostic on your connection within 24 hours.
1109,Aliqua nostrud tempor veniam quis exercitation voluptate magna sed.,Account access,Please reset your password using the link we just sent to your registered email.
1565,Veniam elit quis enim voluptate quis ea magna consectetur aute consectetur do ea in.,Billing,Our technical team will run a diagnostic on your connection within 24 hours.
1102,Ad ea commodo exercitation nisi dolor dolore ullamco commodo.,Billing,Our technical team will run a diagnostic on your connection within 24 hours.
1843,Enim nostrud sit tempor et exercitation aliquip in magna.,Account access,Please reset your password using the link we just sent to your registered email.
1671,Incididunt reprehenderit dolor ea elit ad lorem duis in minim sed ea.,Technical issue,We have flagged this charge for review and will issue a refund within 3-5 business days if applicable.
1522,Ut exercitation laboris et laboris reprehenderit sit tempor magna laboris magna sed.,General Inquiry,Thank you for reaching out; a support representative will respond within one business day.
1015,Ut dolor veniam aliquip quis nostrud labore consequat do reprehenderit ut magna lorem.,Technical issue,We have flagged this charge for review and will issue a refund within 3-5 business days if applicable.
1179,Ad quis ad labore consectetur minim tempor veniam commodo eiusmod ut.,Billing,Our technical team will run a diagnostic on your connection within 24 hours.
1386,Enim eiusmod labore ea nisi irure aute enim tempor dolore ea do.,Technical issue,We have flagged this charge for review and will issue a refund within 3-5 business days if applicable.
1718,Commodo magna et veniam ut tempor incididunt magna ex.,Billing,Our technical team will run a diagnostic on your connection within 24 hours.
1350,Veniam elit ut do quis elit ex in.,General Inquiry,Thank you for reaching out; a support representative will respond within one business day.
1194,Aliquip eiusmod eiusmod tempor do consequat consequat et ea consectetur sit.,Billing,Our technical team will run a diagnostic on your connection within 24 hours.
1978,Ad lorem duis reprehenderit duis et ut irure aute quis tempor elit ex.,General Inquiry,Thank you for reaching out; a support representative will respond within one business day.
1523,Magna ex consectetur minim aliqua in ipsum labore duis ea.,Billing,Our technical team will run a diagnostic on your connection within 24 hours.
1468,Ut ut nisi lorem do quis ut exercitation.,General Inquiry,Thank you for reaching out; a support representative will respond within one business day.
1265,Veniam eiusmod enim exercitation et ad do ut dolore.,Technical issue,We have flagged this charge for review and will issue a refund within 3-5 business days if applicable.
1874,Incididunt elit consectetur quis do amet tempor eiusmod aliqua dolore adipiscing.,Billing,Our technical team will run a diagnostic on your connection within 24 hours.
1982,Adipiscing commodo elit ad voluptate duis minim ut ea incididunt quis quis magna.,Billing,Our technical team will run a diagnostic on your connection within 24 hours.
1707,Dolor commodo enim ullamco ut labore et quis in.,Billing,Our technical team will run a diagnostic on your connection within 24 hours.
1263,Lorem consectetur aute reprehenderit sed quis ullamco elit ea et.,Billing,Our technical team will run a diagnostic on your connection within 24 hours.
1689,Enim aliquip irure dolore incididunt ullamco adipiscing elit commodo labore ullamco quis.,Billing,Our technical team will run a diagnostic on your connection within 24 hours.
1869,Sit labore ut laboris ut exercitation magna irure.,General Inquiry,Thank you for reaching out; a support representative will respond within one business day.
1799,In ex minim ut elit duis consectetur eiusmod eiusmod aliquip ex do magna amet.,Billing,Our technical team will run a diagnostic on your connection within 24 hours.
1959,Veniam ipsum magna ex sit tempor adipiscing laboris irure ut eiusmod.,Technical issue,We have flagged this charge for review and will issue a refund within 3-5 business days if applicable.
1290,Exercitation consectetur duis ipsum laboris duis ut enim reprehenderit veniam tempor.,Billing,Our technical team will run a diagnostic on your connection within 24 hours.
1455,Reprehenderit nisi elit nostrud ullamco ullamco quis minim ullamco.,Account access,Please reset your password using the link we just sent to your registered email.
1317,Enim do sit ut magna adipiscing lorem minim ex consectetur.,Billing,Our technical team will run a diagnostic on your connection within 24 hours.
1293,Veniam nisi ad ex incididunt ex commodo nostrud commodo veniam sed.,Billing,Our technical team will run a diagnostic on your connection within 24 hours.
1903,Aliqua eiusmod ut ullamco consequat do sit exercitation minim commodo exercitation nisi.,Billing,Our technical team will run a diagnostic on your connection within 24 hours.
1278,Ullamco minim tempor sed dolor consectetur amet ut ut ut.,Billing,Our technical team will run a diagnostic on your connection within 24 hours.
1503,Ut adipiscing reprehenderit lorem reprehenderit incididunt consectetur aliqua lorem.,Billing,Our technical team will run a diagnostic on your connection within 24 hours.
1092,Lorem do aliqua ea ad et nisi ipsum sit.,General Inquiry,Thank you for reaching out; a support representative will respond within one business day.
1768,Dolor ea sit enim sed duis consequat consequat consectetur.,Billing,Our technical team will run a diagnostic on your connection within 24 hours.
1786,Eiusmod ea ut aliquip ipsum ut ea minim voluptate enim nisi ut ut.,Account access,Please reset your password using the link we just sent to your registered email.
1644,Ipsum in minim eiusmod ullamco sed irure aute do amet ullamco ut elit.,Account access,Please reset your password using the link we just sent to your registered email.
1282,Consectetur ea lorem ipsum ea enim nostrud et sit adipiscing sit exercitation.,Billing,Our technical team will run a diagnostic on your connection within 24 hours.
1953,Exercitation dolor ullamco ut commodo consectetur eiusmod voluptate ea ex commodo aliqua sed nisi.,Billing,Our technical team will run a diagnostic on your connection within 24 hours.
1366,Consectetur irure enim aliqua incididunt nisi sed sed labore aliquip tempor consequat dolor.,Billing,Our technical team will run a diagnostic on your connection within 24 hours.
1567,Dolor adipiscing incididunt tempor et lorem ullamco dolore elit.,Technical issue,We have flagged this charge for review and will issue a refund within 3-5 business days if applicable.
1019,Duis ea eiusmod aliquip laboris veniam dolore minim ad veniam exercitation ut.,Technical issue,We have flagged this charge for review and will issue a refund within 3-5 business days if applicable.
1656,Amet minim dolor consequat consectetur aute sed enim amet quis.,Billing,Our technical team will run a diagnostic on your connection within 24 hours.
1856,Laboris minim ut tempor et exercitation sit dolor sed ad irure.,Technical issue,We have flagged this charge for review and will issue a refund within 3-5 business days if applicable.
1081,Commodo dolor veniam in magna et ut consequat tempor ipsum sit.,Billing,Our technical team will run a diagnostic on your connection within 24 hours.
1311,In reprehenderit amet aliquip minim sed minim eiusmod.,Account access,Please reset your password using the link we just sent to your registered email.
1640,Quis quis ex ex quis nisi ut aliqua amet.,General Inquiry,Thank you for reaching out; a support representative will respond within one business day.
1811,Veniam ad laboris minim nostrud in irure veniam voluptate.,Account access,Please reset your password using the link we just sent to your registered email.
1865,Magna ullamco consequat ut eiusmod veniam dolore veniam ex et.,Technical issue,We have flagged this charge for review and will issue a refund within 3-5 business days if applicable.
1463,Reprehenderit lorem ipsum incididunt lorem consectetur irure lorem voluptate do ut.,Billing,Our technical team will run a diagnostic on your connection within 24 hours.
1790,In consequat dolor ad quis quis amet ut adipiscing tempor irure eiusmod tempor incididunt.,Technical issue,We have flagged this charge for review and will issue a refund within 3-5 business days if applicable.
1584,Quis do sit ut enim enim irure ut consequat amet ullamco.,Account access,Please reset your password using the link we just sent to your registered email.
1038,Commodo dolore ea dolor labore aute aliqua in consectetur ea ex duis dolor.,Billing,Our technical team will run a diagnostic on your connection within 24 hours.
1649,Ullamco dolor minim ut quis labore ut adipiscing laboris voluptate reprehenderit ex quis sit.,Technical issue,We have flagged this charge for review and will issue a refund within 3-5 business days if applicable.
1442,Ea adipiscing labore enim ex veniam tempor magna aliqua ut.,Technical issue,We have flagged this charge for review and will issue a refund within 3-5 business days if applicable.
1780,Enim sed dolore quis quis voluptate minim eiusmod tempor.,Technical issue,We have flagged this charge for review and will issue a refund within 3-5 business days if applicable.
1440,Nisi quis amet magna et sed labore laboris ea elit.,General Inquiry,Thank you for reaching out; a support representative will respond within one business day.
1358,Consequat commodo exercitation aliqua dolor eiusmod nisi adipiscing aliquip sit aliquip eiusmod.,Billing,Our technical team will run a diagnostic on your connection within 24 hours.
1635,Aute consequat lorem nisi amet ut lorem sed veniam.,General Inquiry,Thank you for reaching out; a support representative will respond within one business day.
1208,Minim tempor enim aliquip adipiscing ut lorem nostrud laboris ipsum elit incididunt.,Technical issue,We have flagged this charge for review and will issue a refund within 3-5 business days if applicable.
1808,Exercitation dolor laboris lorem dolore tempor duis laboris aute lorem aute ullamco do.,Technical issue,We have flagged this charge for review and will issue a refund within 3-5 business days if applicable.
1389,Reprehenderit amet ut aute minim sed ad ut dolor lorem eiusmod minim.,Technical issue,We have flagged this charge for review and will issue a refund within 3-5 business days if applicable.
1341,Dolore adipiscing labore et exercitation eiusmod voluptate ad commodo exercitation aute.,Billing,Our technical team will run a diagnostic on your connection within 24 hours.
1911,Voluptate in in do labore dolore consectetur aliquip minim nisi aute nisi magna quis.,Billing,Our technical team will run a diagnostic on your connection within 24 hours.
1436,Dolor labore veniam sed consectetur veniam commodo aute ut ut.,Billing,Our technical team will run a diagnostic on your connection within 24 hours.
1536,Aliqua dolor ea laboris quis adipiscing dolor minim ut.,Technical issue,We have flagged this charge for review and will issue a refund within 3-5 business days if applicable.
1188,Duis adipiscing ipsum ut reprehenderit reprehenderit ut ex consequat ullamco.,Technical issue,We have flagged this charge for review and will issue a refund within 3-5 business days if applicable.
1756,Adipiscing sed consectetur ipsum voluptate exercitation exercitation exercitation nostrud do.,Billing,Our technical team will run a diagnostic on your connection within 24 hours.
1026,Sit ea consectetur duis enim ullamco elit dolore enim elit.,Billing,Our technical team will run a diagnostic on your connection within 24 hours.
1231,Magna reprehenderit dolor in do laboris sed sed.,Technical issue,We have flagged this charge for review and will issue a refund within 3-5 business days if applicable.
1181,Aute ad ut ut eiusmod magna ipsum aliquip dolore ut exercitation.,Technical issue,We have flagged this charge for review and will issue a refund within 3-5 business days if applicable.
1760,Nostrud minim aute ea minim ut consequat ipsum voluptate minim magna aliquip.,Account access,Please reset your password using the link we just sent to your registered email.
1571,Minim ullamco dolor incididunt magna ut consequat ut aliqua exercitation dolor.,Technical issue,We have flagged this charge for review and will issue a refund within 3-5 business days if applicable.
1529,Ut ullamco sit ad elit nostrud irure veniam dolore.,Technical issue,We have flagged this charge for review and will issue a refund within 3-5 business days if applicable.
1331,Ipsum ut irure irure aute sit ut ullamco ut elit aliquip.,Account access,Please reset your password using the link we just sent to your registered email.
1093,Ut ullamco sit ut aliquip reprehenderit exercitation adipiscing.,Technical issue,We have flagged this charge for review and will issue a refund within 3-5 business days if applicable.
1563,Ipsum elit labore aute aute adipiscing adipiscing ea dolor ut aliquip.,Technical issue,We have flagged this charge for review and will issue a refund within 3-5 business days if applicable.
1984,Incididunt elit irure reprehenderit lorem ex lorem ad ad commodo exercitation.,Billing,Our technical team will run a diagnostic on your connection within 24 hours.
1505,Do laboris ut ut nostrud lorem aute tempor ullamco.,Account access,Please reset your password using the link we just sent to your registered email.
1839,Sed elit dolor et adipiscing ipsum quis nostrud labore sit amet voluptate adipiscing incididunt.,Technical issue,We have flagged this charge for review and will issue a refund within 3-5 business days if applicable.
1676,Ut quis quis reprehenderit ex et ipsum ea ut irure consequat ex duis.,General Inquiry,Thank you for reaching out; a support representative will respond within one business day.
1066,Enim consectetur duis labore magna do sed dolor quis voluptate.,Billing,Our technical team will run a diagnostic on your connection within 24 hours.
1541,Enim nisi in voluptate incididunt exercitation ut minim.,Technical issue,We have flagged this charge for review and will issue a refund within 3-5 business days if applicable.
1638,Dolor exercitation ad aliquip ad commodo aute eiusmod incididunt sed.,Billing,Our technical team will run a diagnostic on your connection within 24 hours.
1121,Ut commodo aliquip sed exercitation magna ipsum et.,Billing,Our technical team will run a diagnostic on your connection within 24 hours.
1825,Do ullamco nisi eiusmod dolor incididunt veniam ex amet labore magna quis reprehenderit.,Technical issue,We have flagged this charge for review and will issue a refund within 3-5 business days if applicable.
1852,Sed consequat dolor enim enim ipsum consectetur adipiscing ut.,Billing,Our technical team will run a diagnostic on your connection within 24 hours.
1885,Irure ut consequat dolor dolor minim quis nisi veniam lorem quis labore.,Technical issue,We have flagged this charge for review and will issue a refund within 3-5 business days if applicable.
1938,Et reprehenderit incididunt ipsum voluptate exercitation duis quis dolore nostrud aute ex ut ut.,Technical issue,We have flagged this charge for review and will issue a refund within 3-5 business days if applicable.
1032,Magna ad eiusmod ut in do incididunt amet ea ea.,Technical issue,We have flagged this charge for review and will issue a refund within 3-5 business days if applicable.
1935,Ut ipsum enim ad sed dolor aliquip minim.,Technical issue,We have flagged this charge for review and will issue a refund within 3-5 business days if applicable.
1794,Adipiscing aute consequat in nisi consectetur aliquip ut ut minim.,Billing,Our technical team will run a diagnostic on your connection within 24 hours.
1004,In nisi nostrud sit enim ipsum minim laboris ut quis.,Account access,Please reset your password using the link we just sent to your registered email.
1319,Irure ut sed tempor ut aliqua consectetur adipiscing tempor lorem exercitation minim sed.,Billing,Our technical team will run a diagnostic on your connection within 24 hours.
1358,Ut adipiscing ut incididunt eiusmod sit exercitation labore ut consectetur enim nisi.,Billing,Our technical team will run a diagnostic on your connection within 24 hours.
1108,Dolor aliqua elit nostrud nostrud consequat ut exercitation ut consequat ut.,Technical issue,We have flagged this charge for review and will issue a refund within 3-5 business days if applicable.
1686,Minim reprehenderit ex enim consectetur commodo dolor enim ut nisi ut enim do do.,Billing,Our technical team will run a diagnostic on your connection within 24 hours.
1881,Tempor et elit dolor labore aute ut enim dolor amet enim duis.,Technical issue,We have flagged this charge for review and will issue a refund within 3-5 business days if applicable.
1289,Labore quis ad magna ut amet veniam sit incididunt ut nostrud eiusmod eiusmod adipiscing.,Technical issue,We have flagged this charge for review and will issue a refund within 3-5 business days if applicable.
1493,Dolor sed nisi aliqua voluptate quis labore nisi elit laboris aliquip.,Technical issue,We have flagged this charge for review and will issue a refund within 3-5 business days if applicable.
1728,Consequat amet nostrud ut amet ut ut magna nostrud nisi nostrud consequat.,Account access,Please reset your password using the link we just sent to your registered email.
1335,Ullamco dolor do consectetur quis ex commodo ex laboris ut incididunt.,Billing,Our technical team will run a diagnostic on your connection within 24 hours.
1630,Ut sed aute incididunt commodo nisi dolor in ut dolor voluptate nostrud.,Billing,Our technical team will run a diagnostic on your connection within 24 hours.
1626,Magna consectetur incididunt et veniam dolor ut consequat et aute aute eiusmod.,Billing,Our technical team will run a diagnostic on your connection within 24 hours.
1719,Dolore ut dolore dolore veniam laboris enim sed dolore dolor duis adipiscing.,Technical issue,We have flagged this charge for review and will issue a refund within 3-5 business days if applicable.
1893,Consectetur lorem ullamco adipiscing irure laboris reprehenderit consectetur consectetur commodo duis irure nisi.,Billing,Our technical team will run a diagnostic on your connection within 24 hours.
1952,Exercitation ut aliqua consequat dolore do aliqua lorem ad aliquip ut.,Technical issue,We have flagged this charge for review and will issue a refund within 3-5 business days if applicable.
1275,Dolor quis ipsum ipsum enim et quis reprehenderit sit aliquip minim.,Technical issue,We have flagged this charge for review and will issue a refund within 3-5 business days if applicable.
1879,Ea ut sit irure sit enim aliquip reprehenderit sit ullamco commodo ut dolor labore.,Billing,Our technical team will run a diagnostic on your connection within 24 hours.
1797,Enim minim enim aliquip aliqua reprehenderit commodo incididunt.,Billing,Our technical team will run a diagnostic on your connection within 24 hours.
1036,Dolor ex aliquip quis dolor enim elit dolor voluptate commodo exercitation incididunt sit.,Billing,Our technical team will run a diagnostic on your connection within 24 hours.
1517,Duis tempor consectetur incididunt duis lorem amet elit.,Billing,Our technical team will run a diagnostic on your connection within 24 hours.
1605,Adipiscing ut commodo tempor ut enim commodo aute labore sit adipiscing in adipiscing.,Billing,Our technical team will run a diagnostic on your connection within 24 hours.
1507,Voluptate ea eiusmod aliqua ullamco do aliquip labore ullamco ex amet elit magna incididunt.,Technical issue,We have flagged this charge for review and will issue a refund within 3-5 business days if applicable.
1764,Dolor eiusmod nisi dolore tempor minim aliqua incididunt commodo dolore ut minim reprehenderit amet.,Billing,Our technical team will run a diagnostic on your connection within 24 hours.
1544,Et duis exercitation laboris tempor tempor commodo eiusmod nostrud ut nisi eiusmod laboris.,Billing,Our technical team will run a diagnostic on your connection within 24 hours.
1788,Minim nisi voluptate ut lorem lorem dolor magna minim.,Technical issue,We have flagged this charge for review and will issue a refund within 3-5 business days if applicable.
1701,Et aliquip eiusmod ipsum exercitation dolor nostrud irure do nostrud consectetur.,Billing,Our technical team will run a diagnostic on your connection within 24 hours.
1980,Sit exercitation dolore ex ullamco commodo elit amet.,Billing,Our technical team will run a diagnostic on your connection within 24 hours.
1188,Incididunt laboris sit ut voluptate ea nisi laboris ea tempor.,Technical issue,We have flagged this charge for review and will issue a refund within 3-5 business days if applicable.
1799,Tempor dolor dolore voluptate tempor commodo elit dolor.,Billing,Our technical team will run a diagnostic on your connection within 24 hours.
1950,Exercitation elit ad adipiscing ea do ullamco dolor ut.,Technical issue,We have flagged this charge for review and will issue a refund within 3-5 business days if applicable.
1105,Sit quis eiusmod ut irure adipiscing ullamco in.,Technical issue,We have flagged this charge for review and will issue a refund within 3-5 business days if applicable.
1680,Tempor ut irure quis minim in ad aliqua duis ea ea.,Account access,Please reset your password using the link we just sent to your registered email.
1553,Lorem reprehenderit consequat enim quis in et nisi magna.,General Inquiry,Thank you for reaching out; a support representative will respond within one business day.
1647,Sit minim reprehenderit sit ut ex ullamco elit ipsum dolore sed nisi irure.,Technical issue,We have flagged this charge for review and will issue a refund within 3-5 business days if applicable.
1645,Et sit ullamco aliquip adipiscing sed ut nostrud ad dolor veniam ut minim.,Technical issue,We have flagged this charge for review and will issue a refund within 3-5 business days if applicable.
1854,Ut voluptate ipsum dolor ea ipsum consectetur commodo laboris ut nisi aute adipiscing quis.,Billing,Our technical team will run a diagnostic on your connection within 24 hours.
1947,Ipsum adipiscing laboris enim dolor ipsum ut consectetur.,Billing,Our technical team will run a diagnostic on your connection within 24 hours.
1176,Dolor ut commodo ut elit nostrud consequat amet ad commodo do commodo aliqua.,Billing,Our technical team will run a diagnostic on your connection within 24 hours.
1830,Voluptate nisi ut reprehenderit quis consectetur consequat commodo ex nostrud labore consectetur adipiscing magna.,Billing,Our technical team will run a diagnostic on your connection within 24 hours.
1713,Veniam aliqua dolor ipsum amet duis exercitation ea lorem enim.,Technical issue,We have flagged this charge for review and will issue a refund within 3-5 business days if applicable.
1006,Elit sit laboris irure magna commodo ea nisi.,Billing,Our technical team will run a diagnostic on your connection within 24 hours.
1211,Ullamco minim magna in exercitation ipsum elit ad in.,Account access,Please reset your password using the link we just sent to your registered email.
1642,Ea labore lorem eiusmod consectetur minim amet et ex veniam do ea laboris tempor.,Billing,Our technical team will run a diagnostic on your connection within 24 hours.
1198,Commodo nisi reprehenderit enim elit laboris ipsum ullamco.,Billing,Our technical team will run a diagnostic on your connection within 24 hours.
1291,Aliqua labore commodo ex ipsum aliquip dolor elit ea.,Billing,Our technical team will run a diagnostic on your connection within 24 hours.
1496,Amet irure aliquip nostrud labore sed nisi labore ea labore amet aliquip.,Account access,Please reset your password using the link we just sent to your registered email.
1890,Dolore do enim enim irure adipiscing dolor ut dolore.,Technical issue,We have flagged this charge for review and will issue a refund within 3-5 business days if applicable.
1139,Ut ullamco reprehenderit sed consectetur nisi dolor consectetur duis ut elit.,Billing,Our technical team will run a diagnostic on your connection within 24 hours.
1351,Irure nostrud ea ullamco exercitation elit reprehenderit duis sit.,Account access,Please reset your password using the link we just sent to your registered email.
1877,Ad voluptate nostrud consequat incididunt aliquip aliquip eiusmod labore quis irure nostrud.,Technical issue,We have flagged this charge for review and will issue a refund within 3-5 business days if applicable.
1152,Irure magna ipsum voluptate aliquip ad aliqua dolore commodo nisi amet ad.,Billing,Our technical team will run a diagnostic on your connection within 24 hours.
1085,Ex nisi magna do et eiusmod voluptate lorem laboris adipiscing ut quis.,Technical issue,We have flagged this charge for review and will issue a refund within 3-5 business days if applicable.
1597,Reprehenderit ut consectetur ut elit aute exercitation ut.,Billing,Our technical team will run a diagnostic on your connection within 24 hours.
1001,Exercitation dolore nisi minim incididunt ex ut exercitation quis sed nisi exercitation labore in.,Technical issue,We have flagged this charge for review and will issue a refund within 3-5 business days if applicable.
1527,Et dolor dolore enim ipsum et ullamco ut quis ea consectetur labore veniam.,Billing,Our technical team will run a diagnostic on your connection within 24 hours.
1664,Aliquip ex aute ut ex ex ut irure ad aliqua dolor.,Technical issue,We have flagged this charge for review and will issue a refund within 3-5 business days if applicable.
1381,Ut ad consequat enim minim consequat irure ut et laboris.,Account access,Please reset your password using the link we just sent to your registered email.
1709,Voluptate aute sed irure sit dolore elit reprehenderit sit elit amet adipiscing adipiscing sed.,Technical issue,We have flagged this charge for review and will issue a refund within 3-5 business days if applicable.
1974,Lorem magna nisi in enim aliqua aliquip lorem sed lorem commodo consequat minim.,Billing,Our technical team will run a diagnostic on your connection within 24 hours.
1343,Quis laboris ea enim laboris minim veniam ut quis irure ut.,Account access,Please reset your password using the link we just sent to your registered email.
1808,Do et incididunt duis adipiscing incididunt reprehenderit exercitation adipiscing veniam.,Technical issue,We have flagged this charge for review and will issue a refund within 3-5 business days if applicable.
1186,Duis nisi laboris adipiscing eiusmod ipsum ut consectetur tempor.,Billing,Our technical team will run a diagnostic on your connection within 24 hours.
1188,Quis ipsum ut labore dolore veniam adipiscing incididunt dolor.,Technical issue,We have flagged this charge for review and will issue a refund within 3-5 business days if applicable.
1414,Ea in dolor adipiscing reprehenderit veniam ad ullamco incididunt irure reprehenderit.,Technical issue,We have flagged this charge for review and will issue a refund within 3-5 business days if applicable.
1772,Laboris commodo aliquip dolor labore amet enim ipsum nisi consectetur ipsum exercitation.,Billing,Our technical team will run a diagnostic on your connection within 24 hours.
1225,Et labore exercitation sed minim ea ex sed sit duis nisi.,Account access,Please reset your password using the link we just sent to your registered email.
1980,Reprehenderit dolore ad nostrud ad dolor laboris magna.,Technical issue,We have flagged this charge for review and will issue a refund within 3-5 business days if applicable.
1733,Aliqua dolore lorem labore ut ut quis do irure aliquip magna ut elit aliquip.,Technical issue,We have flagged this charge for review and will issue a refund within 3-5 business days if applicable.
1919,Aliquip magna consequat nostrud adipiscing ut voluptate minim labore in nostrud.,Technical issue,We have flagged this charge for review and will issue a refund within 3-5 business days if applicable.
1384,Lorem ullamco tempor elit ut quis dolor sed.,Technical issue,We have flagged this charge for review and will issue a refund within 3-5 business days if applicable.
1852,Incididunt ad consequat incididunt nostrud ad aliquip do commodo adipiscing incididunt.,Billing,Our technical team will run a diagnostic on your connection within 24 hours.
1655,Ullamco consectetur laboris incididunt elit irure ullamco ipsum ex ad reprehenderit nostrud et enim.,Billing,Our technical team will run a diagnostic on your connection within 24 hours.
1446,Tempor nisi reprehenderit consequat dolore aliquip lorem tempor nostrud adipiscing ut nisi et dolor.,Technical issue,We have flagged this charge for review and will issue a refund within 3-5 business days if applicable.
1369,Ullamco reprehenderit dolor incididunt ullamco sit sed ullamco ex nostrud elit.,Technical issue,We have flagged this charge for review and will issue a refund within 3-5 business days if applicable.
1330,Ut duis commodo tempor ut et minim et adipiscing consectetur incididunt ea magna dolor.,Billing,Our technical team will run a diagnostic on your connection within 24 hours.
1166,Do ad consequat commodo quis nisi in duis.,Billing,Our technical team will run a diagnostic on your connection within 24 hours.
1729,Ut commodo magna dolor consectetur consectetur lorem labore nisi consectetur ut voluptate.,Billing,Our technical team will run a diagnostic on your connection within 24 hours.
1535,Reprehenderit elit ut ex consectetur consectetur nisi nisi ut do voluptate aliqua ex amet.,Billing,Our technical team will run a diagnostic on your connection within 24 hours.
