ticket_id,description
1654,Ipsum tempor do aliquip nisi irure sit aliqua.
1030,Do ad ipsum sed ullamco veniam do nostrud.
1828,Lorem commodo ut labore adipiscing reprehenderit labore sit amet duis nostrud commodo aliquip veniam.
1996,Sit incididunt ullamco irure et sed dolor laboris ea voluptate duis.
1887,Dolore ut consequat adipiscing et laboris ut nisi.
1073,Ullamco minim eiusmod ut tempor dolor nisi do ut ea dolor consequat.
1824,Magna dolor dolor quis ut do ad irure ullamco adipiscing.
1142,Ex veniam ex aliqua nostrud et voluptate consectetur ad.
1773,Aute adipiscing adipiscing nisi nostrud dolore nostrud enim.
1257,Aute lorem ut nisi veniam tempor ullamco amet aliqua ut reprehenderit aute.
1269,Ex ad amet exercitation duis ad sed dolore adipiscing reprehenderit dolor dolor.
1613,Ad amet et voluptate commodo eiusmod eiusmod quis sit aliquip.
1835,Voluptate minim consectetur laboris in elit minim exercitation.
1987,Dolor ex nisi ut magna laboris dolore irure ut.
1253,Dolor lorem veniam nostrud lorem ut dolor dolor ipsum.
1338,Minim tempor enim veniam aliquip aute quis eiusmod.
1484,Magna amet laboris et magna aute dolor laboris ullamco dolor aliquip commodo amet sed.
1549,Adipiscing elit ut aute sit commodo duis amet laboris veniam lorem.
1095,Duis elit enim do magna dolor dolore voluptate tempor ea ut aliqua reprehenderit voluptate.
1569,Ut adipiscing incididunt reprehenderit quis veniam ex dolor nostrud ad duis adipiscing reprehenderit.
1082,Elit nostrud nisi eiusmod consectetur irure eiusmod nostrud exercitation aliqua nostrud minim in sed.
1733,Eiusmod magna laboris incididunt ut ex sit ut voluptate voluptate.
1075,Do tempor in aute aute et adipiscing consequat ut exercitation voluptate laboris.
1008,Consequat incididunt laboris in consectetur amet amet veniam tempor exercitation ut sed ullamco.
1270,Ad irure duis sit aliqua tempor lorem ea ullamco tempor aliquip veniam.
1437,Lorem sit aute irure veniam consequat nostrud adipiscing consectetur ut irure commodo.
1881,Irure do eiusmod amet ea irure magna exercitation.
1158,Aute reprehenderit commodo aute ipsum aliquip labore in commodo.
1884,Commodo tempor ea amet aute duis do consequat ut ut commodo do ipsum.
1197,Labore aute reprehenderit incididunt ullamco magna voluptate veniam in amet reprehenderit.
1182,Reprehenderit tempor amet aliqua aliquip ut exercitation ad dolore quis eiusmod ut.
1001,Dolor veniam ut aliquip laboris et sit laboris labore ut duis ut.
1307,Ut magna magna incididunt consectetur aliqua in nisi irure exercitation incididunt veniam.
1000,Incididunt aliqua quis laboris ut ut do enim irure commodo.
1173,Sit minim ullamco labore consequat ex laboris do sed ipsum eiusmod enim duis.
1074,Magna ullamco sed nisi ad eiusmod laboris lorem ex ea amet.
1435,Elit reprehenderit minim dolor eiusmod duis ut commodo laboris.
1572,Ut ex ut consequat irure aliqua irure ut adipiscing aute ut ex.
1860,Tempor ea enim eiusmod aliqua ut eiusmod labore irure sit adipiscing dolore adipiscing.
1219,Magna labore enim dolor consequat dolore ea in.
1020,Aute quis enim in incididunt dolore irure consequat veniam aliquip commodo irure enim tempor.
1497,Dolore laboris commodo aliquip duis dolor voluptate minim.
1928,Nostrud laboris sit aliqua aute elit tempor labore ut labore aute.
1284,In aliqua consequat enim ex dolor in do dolor reprehenderit ipsum ipsum eiusmod duis.
1636,Eiusmod enim amet in ut tempor et exercitation reprehenderit.
1735,Ea elit ut quis dolor quis dolor dolore.
1964,Sed nostrud consequat eiusmod nisi incididunt nisi commodo commodo quis ipsum minim laboris.
1070,Ullamco lorem aliqua ad aliqua et irure ut adipiscing elit minim ullamco.
1630,Dolor ea ut consequat nostrud ut eiusmod in tempor ut ex quis laboris labore.
1506,Ut enim et tempor incididunt nostrud aute veniam minim sed eiusmod magna veniam eiusmod.
1487,Ut ut lorem incididunt magna eiusmod laboris et veniam labore voluptate veniam et.
1464,Ut do aliquip ut aliquip in nisi sed aliquip tempor.
1603,Minim incididunt amet sed do elit lorem minim tempor reprehenderit veniam nisi consectetur aute.
1502,Aute quis enim aliqua elit dolor in enim.
1841,Magna sit ullamco dolor adipiscing quis ut voluptate.
1121,Ex exercitation commodo do minim ut ut duis voluptate ut exercitation exercitation.
1757,In sed do laboris adipiscing elit sit lorem.
1461,Nostrud incididunt do ut ut ut nisi dolor ea exercitation laboris in aliqua.
1557,Ullamco dolor consequat sit elit ut ex quis incididunt.
1127,Nisi ut in ad ad sit ipsum aliqua ut eiusmod sit.
1984,Consequat quis in voluptate laboris tempor ipsum ex enim laboris dolor elit nostrud.
1650,Ad sit labore labore laboris duis labore nisi incididunt in commodo veniam ut ut.
1331,Reprehenderit magna minim voluptate laboris veniam magna sed.
1370,Ex exercitation ex sed veniam dolor aliqua ut consectetur reprehenderit exercitation eiusmod.
1162,Veniam veniam amet voluptate dolor ut consectetur consequat ad ut.
1521,Tempor consequat voluptate eiusmod veniam dolore dolor ad aute aute tempor ea magna.
1956,Ad consequat incididunt incididunt nostrud voluptate ad adipiscing veniam labore veniam veniam ut ut.
1193,Eiusmod dolore duis magna ut enim dolor dolore voluptate commodo laboris adipiscing reprehenderit.
1129,Reprehenderit labore amet duis amet dolor lorem adipiscing aute reprehenderit sit ea.
1271,Exercitation magna sit labore laboris minim reprehenderit exercitation irure enim.
1554,Exercitation eiusmod nisi incididunt do sit voluptate ex.
1720,Amet elit incididunt ipsum ut dolor et aliqua eiusmod magna nisi elit elit exercitation.
1391,Nisi ad nostrud do ullamco ut laboris irure enim incididunt veniam sit.
1967,Voluptate incididunt reprehenderit nisi ut incididunt voluptate duis amet dolore.
1367,Incididunt ut lorem consequat magna lorem aute ea reprehenderit dolor ex consequat.
1924,Ea do commodo do sed eiusmod ex ea nisi consectetur.
1099,Ullamco ut aliqua quis aliquip sit incididunt ex elit consectetur veniam reprehenderit minim.
1935,Consequat tempor consequat enim commodo ex labore amet reprehenderit adipiscing.
1989,Duis aliquip voluptate reprehenderit commodo et ea lorem veniam.
1465,Laboris laboris nostrud consequat in amet eiusmod ipsum irure quis.
1937,Do dolor consequat dolor incididunt magna adipiscing in ut ad amet irure.
1138,Ut laboris aliquip in aliqua aliquip adipiscing magna amet ad magna.
1974,Ipsum et ut in duis amet nisi veniam voluptate et.
1407,Sed consectetur duis ut laboris ullamco nostrud lorem ea eiusmod.
1128,Quis dolor ex sed do aute labore adipiscing irure lorem duis adipiscing consectetur eiusmod.
1178,Laboris ipsum lorem ea eiusmod ut elit dolor.
1759,Minim ex enim ea minim amet ad in ipsum ea aute.
1533,Ut reprehenderit dolor enim magna nisi ad dolor sit sit.
1622,Dolor tempor ullamco veniam ut voluptate minim ut exercitation.
1101,Ut duis ullamco ea ut do ut do labore ut magna amet aliqua laboris.
1383,Nisi enim sit sit aliqua ex dolore consectetur dolor.
1979,Quis laboris magna aute in aliqua dolor dolor incididunt ut amet ad.
1158,Enim duis et veniam amet tempor do aliqua quis ex exercitation nisi veniam.
1623,Consequat tempor elit ut ut labore lorem aute quis magna adipiscing ullamco ipsum.
1764,Do aliqua labore et aliquip ea quis sit dolor adipiscing exercitation laboris.
1278,Laboris enim ut tempor ex amet aliqua incididunt nisi enim laboris.
1046,Dolore nostrud lorem incididunt do consectetur eiusmod labore lorem.
1764,Elit dolore ut ad consequat commodo sit aute ipsum lorem dolor.
1882,Quis quis ut magna amet lorem ut commodo exercitation consequat.
1941,Sit duis eiusmod nostrud minim magna ut labore labore elit.
1522,Amet ad irure et aliquip consequat consequat eiusmod adipiscing sed nostrud ex laboris.
1181,Ullamco ut quis quis nisi aute ullamco voluptate ut reprehenderit ut aliqua enim ullamco.
1815,Nostrud et sit ut ipsum et incididunt ullamco voluptate sit.
1608,Dolore quis reprehenderit aliquip ipsum dolor quis sed exercitation ad reprehenderit ut.
1830,Labore ut ad elit eiusmod aliqua aliqua minim adipiscing dolore incididunt magna labore nostrud.
1808,Ullamco dolor amet nisi incididunt aliquip laboris irure aute labore nostrud adipiscing et.
1990,Ut dolore nostrud in ut dolore commodo commodo laboris consequat aliquip nisi minim.
1661,Aliqua et et elit do in enim do consectetur sit duis amet ea.
1855,Aute ipsum labore ex consectetur dolore adipiscing consequat ea commodo elit aliqua magna.
1692,Eiusmod ut incididunt ex ut minim ut commodo enim consequat et in voluptate.
1472,Incididunt dolore minim reprehenderit consequat commodo consectetur eiusmod ullamco aute veniam amet duis duis.
1291,Ex tempor irure adipiscing aliqua in do ut.
1357,Magna magna dolore dolore sit do ut amet.
1731,Labore adipiscing ipsum dolor enim consequat ex enim exercitation irure lorem do adipiscing.
1962,Exercitation aliqua ea eiusmod consectetur eiusmod ullamco exercitation dolor consequat ad veniam ullamco.
1588,Ut incididunt lorem et quis sed laboris minim et.
1976,Veniam ea ad lorem aute ipsum dolore dolore ex et dolor eiusmod.
1672,Amet nostrud ex consectetur et labore ullamco consequat nisi voluptate enim elit consectetur.
1733,In ipsum sed commodo irure ut ut magna consequat enim ipsum ullamco incididunt aute.
1048,Laboris tempor commodo aliqua magna aliqua reprehenderit labore sed nisi et commodo tempor sit.
1434,Aliqua voluptate elit incididunt amet labore incididunt ut.
1734,Elit ut ut aliquip dolor exercitation aliqua ullamco commodo dolor laboris.
1415,Minim ex adipiscing ipsum duis nisi aliqua consectetur eiusmod ullamco.
1370,In ipsum adipiscing ut et ut sit consectetur et ut tempor.
1983,Ipsum sed minim dolor consectetur ea ut do.
1626,Nisi voluptate sed consectetur sit elit ut voluptate commodo reprehenderit.
1327,Labore dolor veniam irure duis ut dolor ullamco commodo ad consectetur sed consectetur.
1809,Ipsum veniam et commodo veniam exercitation sit ut voluptate ut minim.
1787,Consequat sit reprehenderit ullamco ut nisi labore aute ea ullamco elit.
1989,Aliqua dolor dolor consectetur adipiscing elit ut ut labore.
1963,Irure duis eiusmod ullamco veniam consectetur ut minim ad elit in adipiscing.
1674,Ut exercitation duis quis consequat ipsum ipsum ullamco quis ullamco ex magna.
1654,Ad exercitation incididunt reprehenderit enim commodo nisi incididunt.
1074,Dolor aliqua enim sed exercitation ut ut aliquip aute reprehenderit consectetur et quis.
1326,Enim tempor eiusmod amet incididunt dolore exercitation eiusmod aute.
1163,Labore quis ut ex ad minim ad ut lorem in ad reprehenderit do et.
1051,Ad aute laboris enim veniam duis aliqua aute aliquip ex.
1374,Magna quis sed veniam sit ad ex incididunt.
1638,Exercitation consectetur amet dolore voluptate veniam et adipiscing nostrud magna ipsum ipsum ut.
1823,Minim adipiscing irure adipiscing in ut dolore exercitation duis nostrud ad.
1521,Ad quis enim lorem labore amet magna ut irure aute ullamco nostrud.
1271,Ea ea quis aliquip nostrud elit ullamco exercitation duis adipiscing nisi ipsum in.
1112,Lorem ut adipiscing nisi magna ea dolor aute aliquip.
1063,Consectetur sed ut laboris minim ut elit dolor labore et ea ut ullamco.
1709,Exercitation sed eiusmod veniam do reprehenderit incididunt incididunt sed ut.
1324,Labore in commodo tempor consectetur nisi dolore voluptate consequat reprehenderit commodo.
1297,Incididunt ut labore ut tempor enim sed veniam.
1955,Nisi consectetur exercitation nostrud eiusmod laboris minim ullamco dolor magna ut amet.
1789,Lorem veniam dolor magna in aute enim sed reprehenderit.
1328,Ullamco dolor sit quis veniam aliquip in dolor elit aute.
1180,Voluptate magna ad in reprehenderit dolor aute lorem.
1581,Amet voluptate incididunt voluptate veniam ad in duis enim sed amet adipiscing.
1469,Tempor sed aliquip commodo quis ex elit duis irure consequat minim sit laboris.
1189,Enim in lorem dolore ut tempor labore nostrud quis.
1267,Et eiusmod laboris enim adipiscing nisi dolor irure ea nisi ullamco in et.
1226,Reprehenderit enim ut voluptate dolore ut dolor ex commodo.
1845,Ex nisi nostrud ea minim minim et dolor amet.
1848,Irure sed veniam elit duis aliqua nisi ut ad irure ut dolor.
1135,Magna quis quis laboris ut lorem eiusmod lorem do sit aliqua ut.
1554,In dolor in ipsum magna ea ex voluptate.
1661,Dolore irure ut dolor dolore sit reprehenderit aute consectetur duis consectetur.
1550,Minim aliquip do lorem lorem incididunt laboris veniam minim consequat eiusmod.
1354,Tempor in aliquip amet commodo aliqua ex irure lorem.
1211,Amet ipsum nostrud ut dolor aliquip magna eiusmod.
1222,Aute dolor ad incididunt consequat aliquip ut nostrud laboris ut incididunt adipiscing laboris do.
1307,Dolor in aute dolor exercitation aliqua ad reprehenderit in laboris.
1804,Ut magna adipiscing dolore ex enim duis incididunt ut commodo dolor quis.
1991,Veniam consectetur eiusmod sed ullamco dolor duis sit aliquip sed tempor.
1689,Nostrud aute sed ex aliquip quis enim aute labore reprehenderit lorem in.
1985,Consectetur voluptate enim eiusmod nostrud sed dolor veniam ea dolore minim et tempor.
1525,Enim commodo aliquip ex ut sed ut ipsum aute aliquip lorem.
1566,Quis magna adipiscing labore dolore consequat ad laboris nisi tempor consequat reprehenderit.
1657,Ad elit commodo elit ut enim dolor veniam ullamco dolor ipsum duis in.
1684,Ex magna duis do ut lorem ad dolore.
1632,Laboris exercitation enim enim lorem veniam lorem minim tempor voluptate lorem commodo laboris.
1825,Amet amet adipiscing sed minim consequat tempor magna dolore.
1415,Quis voluptate do nisi duis laboris duis ex amet dolore veniam.
1057,Lorem elit ad aliqua ea quis duis amet minim ipsum do aute irure.
1486,Dolor sit dolor irure quis ipsum dolor ut reprehenderit nostrud.
1770,Ut magna sit adipiscing eiusmod consequat dolore irure labore ex adipiscing voluptate aliquip ad.
1997,Dolor aliqua duis labore ea reprehenderit magna ea ipsum tempor.
1461,Do veniam dolore elit nostrud dolore ea incididunt eiusmod sit tempor.
1389,Ea adipiscing dolore et sit in ut ex amet sit aliqua veniam minim.
1105,Sit veniam nostrud ea aute lorem magna ea.
1742,Irure voluptate quis elit dolore consectetur incididunt ad dolor aliqua aliqua enim.
1078,Eiusmod eiusmod exercitation nostrud sed amet ut in labore exercitation.
1823,Labore labore consequat duis reprehenderit consectetur ut in sed ut reprehenderit reprehenderit incididunt nisi.
1502,Ea labore incididunt ea et in sed voluptate elit ea ipsum aliquip.
1965,Do commodo consequat dolor duis commodo laboris consectetur ut eiusmod adipiscing aliqua dolore.
1459,Enim magna ad dolor nisi veniam commodo et irure veniam ullamco sit.
1787,Laboris et ullamco ipsum voluptate nisi magna ex reprehenderit.
1440,Lorem tempor ad minim quis quis ut dolore.
1790,Nostrud ad labore ipsum amet magna reprehenderit amet in adipiscing ut ut sed.
1494,Enim aliqua nisi ut incididunt commodo amet duis ullamco nisi.
1168,Eiusmod elit adipiscing quis reprehenderit do magna elit ullamco aliqua ipsum exercitation sed.
1606,Dolore ut sed ex commodo dolor amet aute sed labore ut.
1268,Aute minim ullamco nostrud exercitation nostrud labore duis exercitation commodo ut incididunt exercitation.
1086,Consectetur consectetur ut elit nisi ad magna consectetur dolore elit ullamco nisi ullamco.
1177,Elit incididunt sed duis exercitation aute in enim sed dolore quis laboris.
1418,Ad ut ut elit quis commodo do ipsum do incididunt ea quis ea.
1507,Ad quis tempor veniam voluptate veniam ex ex aliqua do aliqua aliquip.
1669,Eiusmod aute ipsum tempor aute sit aute consectetur commodo do aliquip nisi aute exercitation.
1438,Exercitation ea commodo commodo quis minim nostrud elit voluptate.
1299,Quis in minim irure consequat consectetur ex magna dolor tempor.
1671,Ut consectetur adipiscing ut eiusmod duis dolore adipiscing ullamco.
1642,Dolore sit commodo ea magna ex nisi aute ut enim nostrud.
1889,Duis amet reprehenderit ullamco nisi duis commodo magna reprehenderit consequat ad ut incididunt veniam.
1133,Duis ea irure ex ipsum exercitation consequat lorem dolor adipiscing ut voluptate.
1438,Voluptate dolor aute incididunt aute aute amet et sit.
1680,Elit magna ut ut eiusmod laboris ut lorem enim consectetur do nisi lorem.
1712,Consequat voluptate aliqua consectetur sit dolore aliquip amet ut aute.
1140,Ea ex consectetur voluptate adipiscing minim lorem ullamco aliqua aliquip ullamco.
1155,Exercitation ut do irure adipiscing consectetur aliquip et aliqua commodo eiusmod.
1660,Eiusmod nostrud aliquip incididunt in ipsum duis aute.
1210,Exercitation sed dolore ullamco ea commodo eiusmod dolore eiusmod ullamco sit irure.
1012,In consectetur aute quis et nisi ex reprehenderit ea lorem.
1069,Tempor ipsum dolor ea ad ullamco ad magna.
1718,Sit veniam exercitation tempor ut ad sed commodo veniam dolore ullamco.
1854,Nisi dolor ut aliquip duis dolor sit aliqua ut exercitation ut aliquip aliquip.
1122,Ut ut elit in minim ea ut elit.
1129,Ea tempor irure ea ipsum commodo tempor dolor ut quis sit ut et.
1511,Quis et eiusmod amet quis aliquip do ad ipsum aute eiusmod enim dolore adipiscing.
1953,Ipsum commodo ut laboris do eiusmod dolor ut consequat quis consectetur laboris dolor do.
1528,Reprehenderit dolor ut incididunt duis labore veniam lorem.
1205,Quis ut exercitation ut nostrud ad ea sed irure ex.
1251,Lorem magna eiusmod labore duis aute in lorem laboris.
1869,Aliquip amet minim eiusmod ad dolor voluptate ut amet dolor irure minim ut.
1381,Reprehenderit sit amet consectetur consequat sit quis aliqua reprehenderit eiusmod tempor.
1322,Dolore consequat labore ut eiusmod in consectetur ea amet amet ut ut consectetur et.
1788,Ut ut duis sit commodo ut ut nostrud do.
1877,Adipiscing ut reprehenderit magna dolor incididunt consequat elit in duis.
1569,Veniam amet amet commodo consectetur dolor ea do sed magna nisi in sit.
1600,Dolor sit voluptate sed ullamco commodo sit duis commodo consectetur.
1964,Dolor dolor aliqua aliquip ad dolore aliqua et dolor tempor ut.
1152,Exercitation exercitation ullamco ad aute enim sit dolore.
1429,Ullamco commodo eiusmod voluptate veniam lorem dolore ut enim.
1800,Labore quis ut tempor ipsum nostrud ipsum commodo incididunt commodo enim.
1366,Nostrud eiusmod adipiscing eiusmod eiusmod minim commodo aliquip ex in quis voluptate dolore in.
1865,Elit nostrud commodo nisi dolor ipsum ut in quis.
1576,Consequat commodo reprehenderit veniam elit ipsum dolor nostrud lorem.
1489,Labore exercitation commodo labore elit commodo aute dolor.
1151,Ut adipiscing amet minim et sit ut laboris nostrud labore ut reprehenderit.
1749,Commodo reprehenderit ullamco elit reprehenderit nisi dolor ea do nostrud elit.
1314,Nisi consectetur aliquip in in dolore voluptate reprehenderit ipsum nostrud dolor reprehenderit do.
1579,In adipiscing ex eiusmod voluptate elit irure sit.
1725,Ullamco irure ut tempor eiusmod dolor tempor amet lorem dolore aliquip reprehenderit irure.
1504,Et dolore consequat ea quis ex do ut commodo ipsum lorem.
1267,Sit elit dolore aliquip veniam irure amet nostrud.
1628,Ut aliqua laboris exercitation aliqua dolor labore reprehenderit magna veniam dolor.
1553,Laboris incididunt amet dolore veniam ad dolor lorem sit consequat.
1640,Enim amet sed ullamco voluptate enim amet ea enim irure tempor ullamco.
1396,Et dolore sed ipsum aliqua tempor consequat quis adipiscing.
1713,Amet laboris commodo magna ex do dolor dolore minim reprehenderit nisi in quis.
1241,Incididunt dolore duis ipsum quis minim quis voluptate adipiscing in ut.
1971,Reprehenderit commodo consectetur aliqua voluptate aliqua voluptate exercitation consequat.
1264,Dolor dolor dolor dolore magna labore tempor ut aute ea.
1638,Minim aliqua magna adipiscing nostrud ex in dolor quis amet incididunt veniam.
1352,Tempor laboris quis enim elit magna exercitation nisi magna magna aute.
1707,Dolor enim tempor dolore labore commodo ut duis duis.
1701,Reprehenderit do incididunt aliquip ea ut aliquip exercitation.
1091,Aliqua dolor magna enim minim dolore dolor commodo dolor.
1726,Magna ea minim quis elit aute sed dolor ipsum dolor et sed.
1377,Ut magna dolor nisi eiusmod ad ut reprehenderit enim veniam labore duis tempor consequat.
1092,Ipsum dolor duis ea do do do sed laboris minim.
1885,Reprehenderit nisi enim consectetur elit commodo do exercitation in ut ut tempor irure duis.
1470,Do incididunt minim exercitation nostrud lorem voluptate reprehenderit duis quis.
1608,Incididunt nisi enim labore tempor ut tempor laboris in laboris sed minim.
1246,Commodo commodo nostrud laboris nisi aliquip laboris voluptate.
1265,Magna aliquip nostrud voluptate consequat labore ut nisi ullamco enim in.
1367,Incididunt elit laboris quis incididunt enim aliquip aliquip quis dolor in irure.
1670,Do do aute aliqua irure et nostrud ut.
1120,Dolor ullamco quis exercitation enim sed consectetur nisi minim magna aute.
1154,Voluptate labore voluptate irure voluptate adipiscing aute elit sit.
1340,Voluptate ut dolor ut do ea quis adipiscing ea ea consectetur aliqua aliqua.
1439,Dolore ipsum sed dolore lorem ut consequat sed nisi exercitation eiusmod.
1710,Ut amet ad ut dolor ipsum in ut minim minim.
1444,Voluptate labore irure et sed in dolor magna do aliquip consectetur aliquip nostrud.
1173,Et ullamco ipsum aute eiusmod minim dolor voluptate.
1677,Laboris lorem nisi magna dolore veniam enim adipiscing.
1711,Ullamco incididunt laboris laboris tempor exercitation consectetur consequat amet ut consectetur amet amet.
1203,Sed tempor minim sed ut incididunt ipsum ad sed in labore lorem.
1687,Irure consequat laboris adipiscing sit minim aliquip amet.
1262,Do voluptate incididunt ut amet elit ipsum incididunt commodo ut aliquip amet ex.
1046,Duis laboris elit et aliqua exercitation aute sit.
1834,Elit magna reprehenderit tempor dolore duis commodo ullamco commodo amet.
1712,Dolor in adipiscing magna nostrud commodo nisi elit dolore et ipsum nisi duis.
1996,Enim enim irure aliqua dolor laboris lorem aute minim.
1761,Aliquip do reprehenderit aute minim nisi exercitation aliqua aliquip enim laboris ullamco.
1152,Consequat irure exercitation lorem in ad enim ad elit ex ut labore tempor ad.
1563,Dolore consequat sit ut quis sit ad ut voluptate ex lorem magna ipsum.
1562,Consequat commodo reprehenderit ullamco irure quis laboris ut.
1349,Consequat consequat duis labore ex nostrud ut et ut amet.
1674,Lorem et ullamco commodo veniam dolore amet irure ad.
1841,Aliquip magna eiusmod sed consectetur duis do consequat sed labore ex ipsum ullamco.
1688,Consectetur irure ut nostrud ad reprehenderit lorem aliquip veniam aliqua nostrud dolor.
1799,Nisi elit consequat amet laboris exercitation ut aute aliqua.
1623,Ex tempor reprehenderit reprehenderit ut consectetur magna ut ex incididunt ut aute ut.
1957,Ullamco sed exercitation incididunt labore laboris voluptate ullamco reprehenderit ad nisi ut.
1118,Et enim quis laboris magna ex duis incididunt duis commodo minim ipsum adipiscing laboris.
1204,Ex adipiscing incididunt eiusmod duis nisi incididunt ex ipsum consequat.
1104,Aute aliquip aute aliquip quis eiusmod ea commodo incididunt laboris dolor dolore.
1979,Reprehenderit ut veniam lorem eiusmod exercitation ea aute consequat dolor ut ullamco ex veniam.
1617,Ea reprehenderit incididunt elit nisi sed elit minim dolore.
1438,Veniam consectetur nostrud eiusmod labore ut adipiscing adipiscing ut dolor.
1954,Exercitation laboris ad quis et ea ut do elit dolor ad magna veniam.
1094,Do do labore et do ex minim voluptate consequat voluptate.
1009,Laboris ut irure exercitation exercitation reprehenderit nisi ut.
1937,In dolore veniam incididunt dolor consequat dolore commodo ut ipsum irure sed minim in.
1171,Veniam lorem dolor laboris ea aute aliqua amet veniam ut reprehenderit ea ullamco in.
1764,Adipiscing ut labore sit dolor commodo veniam quis do tempor dolore ullamco aliqua.
1017,Laboris minim ullamco exercitation ex nostrud ut sit dolor amet ea.
1308,Sit ex aliqua dolore laboris enim minim consectetur dolore commodo veniam reprehenderit.
1147,Nisi dolor commodo aliquip dolore in veniam veniam consectetur lorem.
1610,Veniam in ut ex irure labore magna ullamco minim adipiscing do.
1854,Sed elit commodo duis duis in voluptate ut veniam incididunt.
1068,Amet aliquip enim labore consectetur laboris amet exercitation irure ut.
1461,Exercitation ut nostrud quis et ut aliqua lorem eiusmod do.
1757,Aliqua duis consectetur aliquip aute ut et ut veniam elit exercitation duis duis.
1143,Sed aliquip exercitation aliquip irure duis ullamco commodo quis ea do ipsum.
1266,Irure veniam laboris adipiscing dolore irure nostrud duis consectetur ad sit et.
1010,Eiusmod reprehenderit voluptate nisi ex adipiscing adipiscing quis quis aute adipiscing aliquip in.
1041,Ex do tempor eiusmod laboris minim commodo dolore dolor.
1902,Ipsum ullamco amet reprehenderit ullamco tempor aliquip quis.
1583,Dolore dolore nostrud irure sit eiusmod reprehenderit do magna.
1836,Labore commodo irure lorem aute aliqua do minim incididunt adipiscing adipiscing nostrud consequat laboris.
1424,Labore amet nisi enim nostrud ullamco magna eiusmod consectetur nostrud consectetur minim irure adipiscing.
1170,Dolor minim magna reprehenderit ullamco aute aliquip consequat in do.
1621,Aute elit consequat nostrud commodo consequat elit laboris tempor aliquip labore.
1464,Nostrud do dolore amet sed duis ad aliqua adipiscing amet enim exercitation.
1039,Minim ex amet laboris irure veniam lorem in nisi aliqua aliqua aute nisi aliqua.
1960,Enim ea et commodo dolor consequat quis aliqua eiusmod ex dolor sit nostrud veniam.
1263,Lorem aliquip lorem minim minim dolore sed commodo magna.
1109,Aliqua nostrud tempor veniam quis exercitation voluptate magna sed.
1565,Veniam elit quis enim voluptate quis ea magna consectetur aute consectetur do ea in.
1102,Ad ea commodo exercitation nisi dolor dolore ullamco commodo.
1843,Enim nostrud sit tempor et exercitation aliquip in magna.
1671,Incididunt reprehenderit dolor ea elit ad lorem duis in minim sed ea.
1522,Ut exercitation laboris et laboris reprehenderit sit tempor magna laboris magna sed.
1015,Ut dolor veniam aliquip quis nostrud labore consequat do reprehenderit ut magna lorem.
1179,Ad quis ad labore consectetur minim tempor veniam commodo eiusmod ut.
1386,Enim eiusmod labore ea nisi irure aute enim tempor dolore ea do.
1718,Commodo magna et veniam ut tempor incididunt magna ex.
1350,Veniam elit ut do quis elit ex in.
1194,Aliquip eiusmod eiusmod tempor do consequat consequat et ea consectetur sit.
1978,Ad lorem duis reprehenderit duis et ut irure aute quis tempor elit ex.
1523,Magna ex consectetur minim aliqua in ipsum labore duis ea.
1468,Ut ut nisi lorem do quis ut exercitation.
1265,Veniam eiusmod enim exercitation et ad do ut dolore.
1874,Incididunt elit consectetur quis do amet tempor eiusmod aliqua dolore adipiscing.
1982,Adipiscing commodo elit ad voluptate duis minim ut ea incididunt quis quis magna.
1707,Dolor commodo enim ullamco ut labore et quis in.
1263,Lorem consectetur aute reprehenderit sed quis ullamco elit ea et.
1689,Enim aliquip irure dolore incididunt ullamco adipiscing elit commodo labore ullamco quis.
1869,Sit labore ut laboris ut exercitation magna irure.
1799,In ex minim ut elit duis consectetur eiusmod eiusmod aliquip ex do magna amet.
1959,Veniam ipsum magna ex sit tempor adipiscing laboris irure ut eiusmod.
1290,Exercitation consectetur duis ipsum laboris duis ut enim reprehenderit veniam tempor.
1455,Reprehenderit nisi elit nostrud ullamco ullamco quis minim ullamco.
1317,Enim do sit ut magna adipiscing lorem minim ex consectetur.
1293,Veniam nisi ad ex incididunt ex commodo nostrud commodo veniam sed.
1903,Aliqua eiusmod ut ullamco consequat do sit exercitation minim commodo exercitation nisi.
1278,Ullamco minim tempor sed dolor consectetur amet ut ut ut.
1503,Ut adipiscing reprehenderit lorem reprehenderit incididunt consectetur aliqua lorem.
1092,Lorem do aliqua ea ad et nisi ipsum sit.
1768,Dolor ea sit enim sed duis consequat consequat consectetur.
1786,Eiusmod ea ut aliquip ipsum ut ea minim voluptate enim nisi ut ut.
1644,Ipsum in minim eiusmod ullamco sed irure aute do amet ullamco ut elit.
1282,Consectetur ea lorem ipsum ea enim nostrud et sit adipiscing sit exercitation.
1953,Exercitation dolor ullamco ut commodo consectetur eiusmod voluptate ea ex commodo aliqua sed nisi.
1366,Consectetur irure enim aliqua incididunt nisi sed sed labore aliquip tempor consequat dolor.
1567,Dolor adipiscing incididunt tempor et lorem ullamco dolore elit.
1019,Duis ea eiusmod aliquip laboris veniam dolore minim ad veniam exercitation ut.
1656,Amet minim dolor consequat consectetur aute sed enim amet quis.
1856,Laboris minim ut tempor et exercitation sit dolor sed ad irure.
1081,Commodo dolor veniam in magna et ut consequat tempor ipsum sit.
1311,In reprehenderit amet aliquip minim sed minim eiusmod.
1640,Quis quis ex ex quis nisi ut aliqua amet.
1811,Veniam ad laboris minim nostrud in irure veniam voluptate.
1865,Magna ullamco consequat ut eiusmod veniam dolore veniam ex et.
1463,Reprehenderit lorem ipsum incididunt lorem consectetur irure lorem voluptate do ut.
1790,In consequat dolor ad quis quis amet ut adipiscing tempor irure eiusmod tempor incididunt.
1584,Quis do sit ut enim enim irure ut consequat amet ullamco.
1038,Commodo dolore ea dolor labore aute aliqua in consectetur ea ex duis dolor.
1649,Ullamco dolor minim ut quis labore ut adipiscing laboris voluptate reprehenderit ex quis sit.
1442,Ea adipiscing labore enim ex veniam tempor magna aliqua ut.
1780,Enim sed dolore quis quis voluptate minim eiusmod tempor.
1440,Nisi quis amet magna et sed labore laboris ea elit.
1358,Consequat commodo exercitation aliqua dolor eiusmod nisi adipiscing aliquip sit aliquip eiusmod.
1635,Aute consequat lorem nisi amet ut lorem sed veniam.
1208,Minim tempor enim aliquip adipiscing ut lorem nostrud laboris ipsum elit incididunt.
1808,Exercitation dolor laboris lorem dolore tempor duis laboris aute lorem aute ullamco do.
1389,Reprehenderit amet ut aute minim sed ad ut dolor lorem eiusmod minim.
1341,Dolore adipiscing labore et exercitation eiusmod voluptate ad commodo exercitation aute.
1911,Voluptate in in do labore dolore consectetur aliquip minim nisi aute nisi magna quis.
1436,Dolor labore veniam sed consectetur veniam commodo aute ut ut.
1536,Aliqua dolor ea laboris quis adipiscing dolor minim ut.
1188,Duis adipiscing ipsum ut reprehenderit reprehenderit ut ex consequat ullamco.
1756,Adipiscing sed consectetur ipsum voluptate exercitation exercitation exercitation nostrud do.
1026,Sit ea consectetur duis enim ullamco elit dolore enim elit.
1231,Magna reprehenderit dolor in do laboris sed sed.
1181,Aute ad ut ut eiusmod magna ipsum aliquip dolore ut exercitation.
1760,Nostrud minim aute ea minim ut consequat ipsum voluptate minim magna aliquip.
1571,Minim ullamco dolor incididunt magna ut consequat ut aliqua exercitation dolor.
1529,Ut ullamco sit ad elit nostrud irure veniam dolore.
1331,Ipsum ut irure irure aute sit ut ullamco ut elit aliquip.
1093,Ut ullamco sit ut aliquip reprehenderit exercitation adipiscing.
1563,Ipsum elit labore aute aute adipiscing adipiscing ea dolor ut aliquip.
1984,Incididunt elit irure reprehenderit lorem ex lorem ad ad commodo exercitation.
1505,Do laboris ut ut nostrud lorem aute tempor ullamco.
1839,Sed elit dolor et adipiscing ipsum quis nostrud labore sit amet voluptate adipiscing incididunt.
1676,Ut quis quis reprehenderit ex et ipsum ea ut irure consequat ex duis.
1066,Enim consectetur duis labore magna do sed dolor quis voluptate.
1541,Enim nisi in voluptate incididunt exercitation ut minim.
1638,Dolor exercitation ad aliquip ad commodo aute eiusmod incididunt sed.
1121,Ut commodo aliquip sed exercitation magna ipsum et.
1825,Do ullamco nisi eiusmod dolor incididunt veniam ex amet labore magna quis reprehenderit.
1852,Sed consequat dolor enim enim ipsum consectetur adipiscing ut.
1885,Irure ut consequat dolor dolor minim quis nisi veniam lorem quis labore.
1938,Et reprehenderit incididunt ipsum voluptate exercitation duis quis dolore nostrud aute ex ut ut.
1032,Magna ad eiusmod ut in do incididunt amet ea ea.
1935,Ut ipsum enim ad sed dolor aliquip minim.
1794,Adipiscing aute consequat in nisi consectetur aliquip ut ut minim.
1004,In nisi nostrud sit enim ipsum minim laboris ut quis.
1319,Irure ut sed tempor ut aliqua consectetur adipiscing tempor lorem exercitation minim sed.
1358,Ut adipiscing ut incididunt eiusmod sit exercitation labore ut consectetur enim nisi.
1108,Dolor aliqua elit nostrud nostrud consequat ut exercitation ut consequat ut.
1686,Minim reprehenderit ex enim consectetur commodo dolor enim ut nisi ut enim do do.
1881,Tempor et elit dolor labore aute ut enim dolor amet enim duis.
1289,Labore quis ad magna ut amet veniam sit incididunt ut nostrud eiusmod eiusmod adipiscing.
1493,Dolor sed nisi aliqua voluptate quis labore nisi elit laboris aliquip.
1728,Consequat amet nostrud ut amet ut ut magna nostrud nisi nostrud consequat.
1335,Ullamco dolor do consectetur quis ex commodo ex laboris ut incididunt.
1630,Ut sed aute incididunt commodo nisi dolor in ut dolor voluptate nostrud.
1626,Magna consectetur incididunt et veniam dolor ut consequat et aute aute eiusmod.
1719,Dolore ut dolore dolore veniam laboris enim sed dolore dolor duis adipiscing.
1893,Consectetur lorem ullamco adipiscing irure laboris reprehenderit consectetur consectetur commodo duis irure nisi.
1952,Exercitation ut aliqua consequat dolore do aliqua lorem ad aliquip ut.
1275,Dolor quis ipsum ipsum enim et quis reprehenderit sit aliquip minim.
1879,Ea ut sit irure sit enim aliquip reprehenderit sit ullamco commodo ut dolor labore.
1797,Enim minim enim aliquip aliqua reprehenderit commodo incididunt.
1036,Dolor ex aliquip quis dolor enim elit dolor voluptate commodo exercitation incididunt sit.
1517,Duis tempor consectetur incididunt duis lorem amet elit.
1605,Adipiscing ut commodo tempor ut enim commodo aute labore sit adipiscing in adipiscing.
1507,Voluptate ea eiusmod aliqua ullamco do aliquip labore ullamco ex amet elit magna incididunt.
1764,Dolor eiusmod nisi dolore tempor minim aliqua incididunt commodo dolore ut minim reprehenderit amet.
1544,Et duis exercitation laboris tempor tempor commodo eiusmod nostrud ut nisi eiusmod laboris.
1788,Minim nisi voluptate ut lorem lorem dolor magna minim.
1701,Et aliquip eiusmod ipsum exercitation dolor nostrud irure do nostrud consectetur.
1980,Sit exercitation dolore ex ullamco commodo elit amet.
1188,Incididunt laboris sit ut voluptate ea nisi laboris ea tempor.
1799,Tempor dolor dolore voluptate tempor commodo elit dolor.
1950,Exercitation elit ad adipiscing ea do ullamco dolor ut.
1105,Sit quis eiusmod ut irure adipiscing ullamco in.
1680,Tempor ut irure quis minim in ad aliqua duis ea ea.
1553,Lorem reprehenderit consequat enim quis in et nisi magna.
1647,Sit minim reprehenderit sit ut ex ullamco elit ipsum dolore sed nisi irure.
1645,Et sit ullamco aliquip adipiscing sed ut nostrud ad dolor veniam ut minim.
1854,Ut voluptate ipsum dolor ea ipsum consectetur commodo laboris ut nisi aute adipiscing quis.
1947,Ipsum adipiscing laboris enim dolor ipsum ut consectetur.
1176,Dolor ut commodo ut elit nostrud consequat amet ad commodo do commodo aliqua.
1830,Voluptate nisi ut reprehenderit quis consectetur consequat commodo ex nostrud labore consectetur adipiscing magna.
1713,Veniam aliqua dolor ipsum amet duis exercitation ea lorem enim.
1006,Elit sit laboris irure magna commodo ea nisi.
1211,Ullamco minim magna in exercitation ipsum elit ad in.
1642,Ea labore lorem eiusmod consectetur minim amet et ex veniam do ea laboris tempor.
1198,Commodo nisi reprehenderit enim elit laboris ipsum ullamco.
1291,Aliqua labore commodo ex ipsum aliquip dolor elit ea.
1496,Amet irure aliquip nostrud labore sed nisi labore ea labore amet aliquip.
1890,Dolore do enim enim irure adipiscing dolor ut dolore.
1139,Ut ullamco reprehenderit sed consectetur nisi dolor consectetur duis ut elit.
1351,Irure nostrud ea ullamco exercitation elit reprehenderit duis sit.
1877,Ad voluptate nostrud consequat incididunt aliquip aliquip eiusmod labore quis irure nostrud.
1152,Irure magna ipsum voluptate aliquip ad aliqua dolore commodo nisi amet ad.
1085,Ex nisi magna do et eiusmod voluptate lorem laboris adipiscing ut quis.
1597,Reprehenderit ut consectetur ut elit aute exercitation ut.
1001,Exercitation dolore nisi minim incididunt ex ut exercitation quis sed nisi exercitation labore in.
1527,Et dolor dolore enim ipsum et ullamco ut quis ea consectetur labore veniam.
1664,Aliquip ex aute ut ex ex ut irure ad aliqua dolor.
1381,Ut ad consequat enim minim consequat irure ut et laboris.
1709,Voluptate aute sed irure sit dolore elit reprehenderit sit elit amet adipiscing adipiscing sed.
1974,Lorem magna nisi in enim aliqua aliquip lorem sed lorem commodo consequat minim.
1343,Quis laboris ea enim laboris minim veniam ut quis irure ut.
1808,Do et incididunt duis adipiscing incididunt reprehenderit exercitation adipiscing veniam.
1186,Duis nisi laboris adipiscing eiusmod ipsum ut consectetur tempor.
1188,Quis ipsum ut labore dolore veniam adipiscing incididunt dolor.
1414,Ea in dolor adipiscing reprehenderit veniam ad ullamco incididunt irure reprehenderit.
1772,Laboris commodo aliquip dolor labore amet enim ipsum nisi consectetur ipsum exercitation.
1225,Et labore exercitation sed minim ea ex sed sit duis nisi.
1980,Reprehenderit dolore ad nostrud ad dolor laboris magna.
1733,Aliqua dolore lorem labore ut ut quis do irure aliquip magna ut elit aliquip.
1919,Aliquip magna consequat nostrud adipiscing ut voluptate minim labore in nostrud.
1384,Lorem ullamco tempor elit ut quis dolor sed.
1852,Incididunt ad consequat incididunt nostrud ad aliquip do commodo adipiscing incididunt.
1655,Ullamco consectetur laboris incididunt elit irure ullamco ipsum ex ad reprehenderit nostrud et enim.
1446,Tempor nisi reprehenderit consequat dolore aliquip lorem tempor nostrud adipiscing ut nisi et dolor.
1369,Ullamco reprehenderit dolor incididunt ullamco sit sed ullamco ex nostrud elit.
1330,Ut duis commodo tempor ut et minim et adipiscing consectetur incididunt ea magna dolor.
1166,Do ad consequat commodo quis nisi in duis.
1729,Ut commodo magna dolor consectetur consectetur lorem labore nisi consectetur ut voluptate.
1535,Reprehenderit elit ut ex consectetur consectetur nisi nisi ut do voluptate aliqua ex amet.
